path,accident_time,center_x,center_y,type
videos/-2UPLUV7JLg_00.mp4,6.9,0.52,0.38,single
videos/-6SQSDj8cYU_00.mp4,5,0.58,0.55,t-bone
videos/-7-vQ4obVwQ_00.mp4,6.3,0.71,0.53,t-bone
videos/-9oifpjUxxM_00.mp4,4.3,0.14,0.72,single
videos/-AztVDZ6cEE_00.mp4,1.8,0.48,0.33,t-bone
videos/-FQxK6HdxNU_00.mp4,3.3,0.55,0.57,rear-end
videos/-NgnSm_oEB4_00.mp4,5.1,0.28,0.55,rear-end
videos/-PpBteU0p3Q_00.mp4,3.3,0.65,0.38,sideswipe
videos/-PpjzmhI_PE_00.mp4,2,0.38,0.52,rear-end
videos/-Qt5bDJNT84_00.mp4,2,0.58,0.43,single
videos/-RE3XseZINA_00.mp4,12,0.92,0.35,single
videos/-RrDtLjWsT4_00.mp4,6.3,0.38,0.55,t-bone
videos/-SNFUobKjoM_00.mp4,13.4,0.82,0.62,t-bone
videos/-T_E4YhtjyE_00.mp4,13.2,0.35,0.38,single
videos/-VM9fVYVI_w_00.mp4,1.5,0.73,0.78,single
videos/-Y4PJwqDjGc_00.mp4,15,0.38,0.65,single
videos/-_J5xdxCZZU_00.mp4,3,0.28,0.5,single
videos/-dVU8qW4ik8_00.mp4,4,0.72,0.65,sideswipe
videos/-dmYsQc-odI_00.mp4,15,0.68,0.65,rear-end
videos/-dqVECYKOk4_00.mp4,8.8,0.72,0.55,t-bone
videos/-gbcp_G6NAE_00.mp4,13,0.28,0.48,single
videos/-i9bRJWMtTo_00.mp4,5.8,0.51,0.51,rear-end
videos/-jZ5Rlhzzi4_00.mp4,2,0.22,0.35,rear-end
videos/-oreKuCoQnI_00.mp4,5.5,0.28,0.58,rear-end
videos/-qmYW4S3Xxo_00.mp4,2.1,0.78,0.43,rear-end
videos/-wlnF8vCVMo_00.mp4,4.2,0.5,0.5,t-bone
videos/-yLuZ5wxAsc_00.mp4,13,0.35,0.25,single
videos/-yuVlpyayOI_00.mp4,12.5,0.65,0.32,single
videos/-z1jK6UwRec_00.mp4,3.8,0.38,0.65,rear-end
videos/-zhGaEV8w0o_00.mp4,4.6,0.7,0.5,single
videos/022uvRkRJ8E_00.mp4,5,0.18,0.25,single
videos/03HtRCJa8Yk_00.mp4,6.6,0.38,0.65,t-bone
videos/04O2SOGSG_U_00.mp4,5,0.15,0.55,single
videos/06jVQmpCJn4_00.mp4,3,0.18,0.32,single
videos/07Eu77WorsY_00.mp4,4,0.52,0.48,t-bone
videos/08gvKdY9xj4_00.mp4,12,0.51,0.63,single
videos/0BHjx8wX7pc_00.mp4,16.7,0.88,0.72,single
videos/0DB7w7rLGrk_00.mp4,9.1,0.48,0.47,sideswipe
videos/0GPuugnrf3Y_00.mp4,13.2,0.58,0.35,rear-end
videos/0HjhBBGQT-0_00.mp4,11.5,0.68,0.62,single
videos/0J5lP1YbTHc_00.mp4,2.8,0.73,0.58,single
videos/0Kh7K1ftejg_00.mp4,1,0.52,0.58,rear-end
videos/0NixrF6Mt00_0_00.mp4,1.2,0.32,0.5,head-on
videos/0PrAtifCwjg_00.mp4,1.5,0.52,0.48,t-bone
videos/0ThWw_efieo_00.mp4,3.2,0.5,0.4,sideswipe
videos/0ThWw_efieo_01.mp4,2.7,0.58,0.35,single
videos/0a405keDKpc_00.mp4,6.8,0.65,0.55,t-bone
videos/0eoMti_njew_00.mp4,13,0.45,0.75,single
videos/0isplBZQftg_00.mp4,13.9,0.6,0.48,t-bone
videos/0jCQy-BZ1uw_00.mp4,13.7,0.88,0.65,single
videos/0jk4tWwDKqc_00.mp4,7.2,0.45,0.55,t-bone
videos/0jlyeLcFLVc_00.mp4,3.7,0.78,0.39,rear-end
videos/0lkTO-H5z6I_00.mp4,2,0.55,0.45,rear-end
videos/0oA6iej2zdk_00.mp4,12.8,0.63,0.65,single
videos/0puo8kJOlmU_00.mp4,9.9,0.71,0.48,single
videos/0sxbjc7SAZA_00.mp4,13.5,0.79,0.58,single
videos/0vD3cfW9BtI_00.mp4,6.5,0.42,0.65,single
videos/1-xArHJFlAQ_00.mp4,9,0.85,0.65,single
videos/17u3l3wxfFI_00.mp4,2.5,0.58,0.55,rear-end
videos/1AfecaLCueU_00.mp4,8.5,0.65,0.45,rear-end
videos/1BIZOZtxRpY_00.mp4,4.2,0.78,0.65,rear-end
videos/1BsCOLh_qEs_00.mp4,4.3,0.58,0.47,t-bone
videos/1D0KxP4drTU_00.mp4,8.3,0.62,0.45,t-bone
videos/1DTzvlqxm5c_00.mp4,3.8,0.85,0.58,single
videos/1KGjac-XgPM_00.mp4,5.1,0.38,0.35,rear-end
videos/1O-y5PmPWdU_00.mp4,3.8,0.42,0.52,t-bone
videos/1TfCsqNoWQw_00.mp4,8.3,0.43,0.48,rear-end
videos/1Utldy8lKBo_00.mp4,5.2,0.3,0.4,t-bone
videos/1VI1lKlJQd0_00.mp4,6.2,0.82,0.58,single
videos/1ZQAChv0TEI_00.mp4,6.1,0.48,0.65,t-bone
videos/1_F0r7KVJ1k_00.mp4,6.5,0.38,0.52,rear-end
videos/1_FuS-_ctGY_00.mp4,2.5,0.62,0.58,t-bone
videos/1_iNUkyy46E_00.mp4,2,0.52,0.48,t-bone
videos/1fe57nFDL_s_00.mp4,13,0.55,0.55,head-on
videos/1fpsdsKWH_M_00.mp4,5.2,0.43,0.68,rear-end
videos/1hJlpaZsYa8_00.mp4,4.7,0.4,0.5,t-bone
videos/1jCpA4y5NHY_00.mp4,13.5,0.62,0.38,single
videos/1koo-2ZTC9U_00.mp4,2.5,0.43,0.42,rear-end
videos/1lD9kE-VJ7I_00.mp4,4.7,0.45,0.55,t-bone
videos/1ot_Dyi6XyI_00.mp4,8.2,0.48,0.45,sideswipe
videos/1ww7Jv5v3QA_00.mp4,3.6,0.45,0.5,t-bone
videos/1ySfr7IZBs8_00.mp4,7,0.22,0.51,t-bone
videos/1yWbvi0K6Eg_00.mp4,4,0.42,0.68,single
videos/1yedrznGA8g_00.mp4,4.5,0.52,0.31,t-bone
videos/20zWZEGQ7GY_00.mp4,10,0.64,0.55,single
videos/23huSUeAOso_00.mp4,10.6,0.2,0.2,t-bone
videos/24IyPsinbH8_00.mp4,8,0.28,0.62,single
videos/24R72DZBQ5k_00.mp4,1.8,0.12,0.65,sideswipe
videos/29O6I-sITyw_00.mp4,3.8,0.47,0.25,single
videos/2BBwMYE-FC4_00.mp4,10.8,0.52,0.58,t-bone
videos/2CilSgyYnK0_00.mp4,1.2,0.52,0.68,sideswipe
videos/2IY6PpDm85k_00.mp4,3.5,0.42,0.63,t-bone
videos/2OnAsVRtNQM_00.mp4,9,0.48,0.38,sideswipe
videos/2PtXKoTbv0c_00.mp4,13,0.43,0.4,single
videos/2QZf8MiIRK0_00.mp4,2.7,0.78,0.53,single
videos/2QZf8MiIRK0_01.mp4,5,0.48,0.52,t-bone
videos/2U2gPpmCg_o_00.mp4,4,0.75,0.33,single
videos/2UWHJTklurQ_00.mp4,3.5,0.42,0.48,rear-end
videos/2W7S_-7F6S8_00.mp4,4.5,0.38,0.45,t-bone
videos/2aYst3H2hjo_00.mp4,2.7,0.32,0.78,single
videos/2dgMA7afLFc_00.mp4,15.1,0.52,0.78,single
videos/2unYN0QzOFk_00.mp4,0.6,0.3,0.25,rear-end
videos/2vEysG50vYY_00.mp4,5.4,0.72,0.33,t-bone
videos/2wUrP2wgXhs_00.mp4,8,0.45,0.65,single
videos/2wWw4MidlLY_00.mp4,3,0.45,0.58,sideswipe
videos/2xFyklpa54I_00.mp4,5.1,0.62,0.48,t-bone
videos/2xyiKlvOZUQ_00.mp4,5,0.68,0.55,single
videos/2xzko5Nggkc_00.mp4,2.5,0.42,0.68,rear-end
videos/30EzKWQx48c_00.mp4,11,0.58,0.38,t-bone
videos/32Ou4XKEmgs_00.mp4,2,0.35,0.6,single
videos/34Q7DXby2s4_00.mp4,3.5,0.82,0.38,t-bone
videos/39Ac-6i9SVM_00.mp4,8,0.47,0.28,rear-end
videos/3AvjUT91bJA_00.mp4,2.1,0.22,0.53,t-bone
videos/3Gc1wi2Qp4g_00.mp4,16.5,0.68,0.35,single
videos/3Jiii8dJ4UY_00.mp4,13.5,0.67,0.52,single
videos/3N9sKQIYMy4_00.mp4,5.5,0.78,0.58,single
videos/3QBeZfYEAYY_00.mp4,6,0.42,0.45,rear-end
videos/3Si9WUEcmK8_00.mp4,5.25,0.73,0.58,single
videos/3UBcAuDgcOg_00.mp4,12.7,0.43,0.72,single
videos/3Xd6PxEvbNk_11_00.mp4,6,0.45,0.35,head-on
videos/3Xd6PxEvbNk_2_00.mp4,5.5,0.4,0.5,t-bone
videos/3Xd6PxEvbNk_3_00.mp4,2.2,0.65,0.45,t-bone
videos/3Xd6PxEvbNk_4_00.mp4,6.4,0.52,0.48,t-bone
videos/3Xd6PxEvbNk_5_00.mp4,9.1,0.58,0.48,t-bone
videos/3Xd6PxEvbNk_7_00.mp4,2.2,0.45,0.55,t-bone
videos/3Xd6PxEvbNk_8_00.mp4,8,0.55,0.5,t-bone
videos/3Xd6PxEvbNk_9_00.mp4,6.2,0.68,0.55,t-bone
videos/3dIt2gBnS7o_00.mp4,7,0.72,0.58,rear-end
videos/3dL7_KqiBoo_00.mp4,11.3,0.62,0.48,t-bone
videos/3gFe7GtkEPk_00.mp4,10.5,0.6,0.4,single
videos/3gY2nZW6ZCM_00.mp4,1,0.25,0.55,sideswipe
videos/3mB4p8BgiTg_00.mp4,6.5,0.45,0.58,sideswipe
videos/3oxYxwfTwro_00.mp4,3.1,0.45,0.45,t-bone
videos/3p_-1RjvCmw_1_00.mp4,3.3,0.65,0.45,t-bone
videos/3rBm5RyfhOw_00.mp4,4.2,0.28,0.55,t-bone
videos/3taDrOi_n0E_00.mp4,10,0.52,0.58,single
videos/3wK_g1985p4_00.mp4,11.3,0.33,0.48,sideswipe
videos/3yNBYymxHys_00.mp4,7.2,0.53,0.41,rear-end
videos/42g5gRbzYhY_00.mp4,1.2,0.25,0.55,single
videos/42g5gRbzYhY_01.mp4,0.4,0.55,0.68,single
videos/47M8fAuFNOs_00.mp4,8.8,0.81,0.51,single
videos/4AWUHOvuV9I_00.mp4,7.1,0.3,0.4,head-on
videos/4Bde0lYQ4mg_00.mp4,2.7,0.48,0.52,t-bone
videos/4C5ZiBP7R04_00.mp4,2.3,0.48,0.65,rear-end
videos/4EJgJ6IcI9E_00.mp4,4.2,0.48,0.48,single
videos/4GW-rpR12Rs_00.mp4,6,0.15,0.45,single
videos/4IUmjPBj5ik_00.mp4,8.1,0.78,0.28,single
videos/4Q4q7Y1GGHk_00.mp4,13,0.64,0.42,single
videos/4RAe_LEFTTU_00.mp4,7,0.23,0.58,single
videos/4VVOcbvXgdE_00.mp4,3.3,0.38,0.68,rear-end
videos/4VuF1Be1yLE_00.mp4,4.2,0.88,0.55,rear-end
videos/4XE22RAmqnM_00.mp4,2.2,0.48,0.45,t-bone
videos/4XYVvTuLGCg_00.mp4,3.3,0.52,0.58,rear-end
videos/4ZGq9c3FKlE_00.mp4,4,0.55,0.45,t-bone
videos/4gFiGGeTp5w_0_00.mp4,2.5,0.32,0.58,t-bone
videos/4gFiGGeTp5w_2_00.mp4,7,0.48,0.52,t-bone
videos/4geYk_miUzo_00.mp4,13,0.55,0.5,single
videos/4j9OcguWbcA_00.mp4,15.2,0.35,0.65,rear-end
videos/4jVVNw9AF2s_00.mp4,4.2,0.32,0.42,t-bone
videos/4qfPNqggweo_00.mp4,7,0.7,0.4,single
videos/4tOmPxnuANw_00.mp4,1.7,0.38,0.65,rear-end
videos/4tXvj7hHsNA_00.mp4,4.1,0.75,0.55,t-bone
videos/4tXvj7hHsNA_01.mp4,2.8,0.52,0.58,single
videos/4uRL85n-kDw_00.mp4,2.3,0.3,0.5,rear-end
videos/4y9dRdOoEzE_00.mp4,14.4,0.63,0.35,single
videos/5-sIe-O1b8I_00.mp4,13.2,0.37,0.72,single
videos/50uYv-SxT-o_00.mp4,9.1,0.44,0.55,t-bone
videos/57T5Z3aTh4s_00.mp4,5,0.42,0.51,single
videos/5CNGhR8vBBk_00.mp4,5.3,0.32,0.48,rear-end
videos/5GV2ouD2_hA_00.mp4,14,0.45,0.35,single
videos/5K9ZZNwt9Fw_00.mp4,5,0.2,0.5,single
videos/5TdEe3ikbEM_00.mp4,5.3,0.38,0.4,single
videos/5TdEe3ikbEM_01.mp4,0.6,0.68,0.65,single
videos/5UK0XveIgBA_00.mp4,4.5,0.63,0.48,t-bone
videos/5Vhz1P2k8Ds_00.mp4,7.5,0.25,0.55,head-on
videos/5X2Ik8WsWVY_00.mp4,12.1,0.71,0.43,single
videos/5ZHUJ6AwHGA_00.mp4,3.6,0.85,0.55,single
videos/5ZYWhoVVLGI_00.mp4,11.1,0.43,0.43,rear-end
videos/5ayuUyxh1aQ_00.mp4,4.7,0.45,0.65,t-bone
videos/5bxGXH9wjOs_00.mp4,6.7,0.47,0.31,single
videos/5bxGXH9wjOs_01.mp4,13.5,0.6,0.65,single
videos/5caUHPE480M_00.mp4,7.5,0.5,0.35,head-on
videos/5dZ0U3pINII_00.mp4,0.6,0.88,0.58,single
videos/5fSIVNb3L64_00.mp4,6,0.52,0.58,t-bone
videos/5kZFvkKPHsc_00.mp4,2,0.58,0.72,t-bone
videos/5lfIORCL5FA_00.mp4,8.5,0.39,0.48,single
videos/5m8QzQubYOI_00.mp4,3.3,0.52,0.35,single
videos/5mrzzNJQOug_00.mp4,0.4,0.43,0.72,rear-end
videos/5uh8-3q51uI_00.mp4,15.9,0.88,0.72,single
videos/62-L7OtC4tg_00.mp4,9.3,0.58,0.65,rear-end
videos/63jg9PMxHZM_00.mp4,13.1,0.87,0.48,single
videos/64ZEWTQY7SY_00.mp4,13.2,0.78,0.45,rear-end
videos/651RQwxB3WA_12_00.mp4,3.6,0.45,0.55,t-bone
videos/651RQwxB3WA_13_00.mp4,2.5,0.38,0.52,rear-end
videos/651RQwxB3WA_17_00.mp4,1,0.58,0.45,rear-end
videos/651RQwxB3WA_1_00.mp4,1.5,0.35,0.55,sideswipe
videos/651RQwxB3WA_2_00.mp4,3.5,0.73,0.68,t-bone
videos/65p17BwHTaw_00.mp4,1.2,0.41,0.38,single
videos/65p17BwHTaw_01.mp4,2.3,0.92,0.35,t-bone
videos/67eBRe-YfEE_2_00.mp4,2.1,0.43,0.57,sideswipe
videos/69UT4E3LoAc_00.mp4,8.1,0.48,0.52,t-bone
videos/6Ac5Ad5jcJ0_00.mp4,13.7,0.41,0.48,single
videos/6AzIoSDn5Qs_00.mp4,2.3,0.38,0.62,rear-end
videos/6CW7HogT0ZA_00.mp4,12,0.6,0.55,single
videos/6EW9PrDqKA8_00.mp4,4.5,0.28,0.62,rear-end
videos/6EqMA8no42o_00.mp4,2,0.22,0.35,t-bone
videos/6J-qSLHzj_k_00.mp4,4.9,0.28,0.52,t-bone
videos/6MBstMRZV9g_00.mp4,4,0.72,0.62,t-bone
videos/6Oro7le8ZLQ_00.mp4,4.2,0.72,0.45,t-bone
videos/6RZ_i-xao0s_00.mp4,14.4,0.78,0.55,single
videos/6T58bsyZz40_00.mp4,1.2,0.82,0.31,rear-end
videos/6Wt8Y2Z1dkc_00.mp4,6.1,0.82,0.53,t-bone
videos/6Xd4Xk76ylQ_00.mp4,2,0.48,0.65,rear-end
videos/6eUG-Pp36_s_00.mp4,11.5,0.53,0.58,t-bone
videos/6fIB4cD0IrE_00.mp4,4.1,0.52,0.63,t-bone
videos/6hJ8mYLUfE8_00.mp4,9,0.61,0.65,t-bone
videos/6mVcTFd5TzI_0_00.mp4,3,0.78,0.55,single
videos/6mVcTFd5TzI_12_00.mp4,1.8,0.52,0.5,t-bone
videos/6mVcTFd5TzI_14_00.mp4,3.3,0.45,0.55,t-bone
videos/6mVcTFd5TzI_16_00.mp4,3,0.55,0.45,t-bone
videos/6mVcTFd5TzI_18_00.mp4,3,0.38,0.45,t-bone
videos/6mVcTFd5TzI_20_00.mp4,2.18,0.68,0.55,sideswipe
videos/6mVcTFd5TzI_22_00.mp4,5.5,0.25,0.35,sideswipe
videos/6mVcTFd5TzI_23_00.mp4,2,0.38,0.45,t-bone
videos/6mVcTFd5TzI_2_00.mp4,2,0.65,0.45,t-bone
videos/6mVcTFd5TzI_3_00.mp4,2.2,0.15,0.45,t-bone
videos/6nM9m2VkeYk_00.mp4,7,0.68,0.52,single
videos/6nlROBgKAnA_00.mp4,5.2,0.42,0.45,t-bone
videos/6oAeUvxmeME_00.mp4,5.4,0.2,0.55,t-bone
videos/6oymx7wBmjw_00.mp4,7.8,0.43,0.33,t-bone
videos/6oymx7wBmjw_01.mp4,3,0.75,0.45,t-bone
videos/6oymx7wBmjw_02.mp4,0.5,0.65,0.35,t-bone
videos/6oymx7wBmjw_03.mp4,3,0.22,0.38,rear-end
videos/6oymx7wBmjw_04.mp4,3.7,0.48,0.48,sideswipe
videos/6rWXOsN-MDM_00.mp4,13.9,0.28,0.55,single
videos/6rvo5STkUPw_00.mp4,3.7,0.68,0.68,t-bone
videos/6s2KTCCo1Hw_00.mp4,7,0.48,0.72,rear-end
videos/6sgXO96LXOE_00.mp4,5,0.39,0.31,rear-end
videos/6wS8Dv8-S8s_00.mp4,13.2,0.15,0.65,single
videos/6wze8ucfW1g_00.mp4,5.4,0.63,0.51,single
videos/6yQNWmpmUPk_00.mp4,14.2,0.72,0.51,sideswipe
videos/6z5WuGfCv1U_00.mp4,13,0.55,0.58,single
videos/70935VkkZSM_00.mp4,6.7,0.54,0.51,t-bone
videos/71QSBkIXKXI_00.mp4,10,0.35,0.68,single
videos/75qRY47mjfQ_00.mp4,5.1,0.15,0.65,t-bone
videos/7AFnEpBVrr4_00.mp4,3.2,0.33,0.68,sideswipe
videos/7CO_LqgfiFg_00.mp4,3,0.51,0.53,single
videos/7DhAOb5V7_Y_00.mp4,14.9,0.2,0.2,single
videos/7DnAOa6rGgg_00.mp4,5,0.35,0.45,rear-end
videos/7EqwXtQkP1I_00.mp4,4,0.47,0.47,single
videos/7FzkwCUqP1Y_00.mp4,5.2,0.62,0.42,t-bone
videos/7KAkcOyPqkw_00.mp4,6,0.44,0.42,rear-end
videos/7NMgRqMghNs_00.mp4,11.2,0.38,0.52,single
videos/7Nc9tJ7R4KY_00.mp4,4.1,0.63,0.52,t-bone
videos/7O4STdn35L0_00.mp4,5.1,0.22,0.38,t-bone
videos/7O6n0GkXt_g_00.mp4,15.2,0.38,0.52,sideswipe
videos/7ORiNi_LtxY_00.mp4,3.6,0.15,0.65,t-bone
videos/7Q6tqECKuVw_00.mp4,6,0.14,0.43,single
videos/7QawsvO1F1M_00.mp4,6,0.55,0.23,rear-end
videos/7UHfU52BUbQ_00.mp4,9.8,0.73,0.58,single
videos/7YEUfIVVk9Y_0_00.mp4,5,0.28,0.52,rear-end
videos/7YEUfIVVk9Y_2_00.mp4,2,0.43,0.55,sideswipe
videos/7YEUfIVVk9Y_4_00.mp4,0.5,0.45,0.45,sideswipe
videos/7YEUfIVVk9Y_6_00.mp4,0.6,0.58,0.51,t-bone
videos/7YEUfIVVk9Y_7_00.mp4,5.5,0.15,0.42,rear-end
videos/7ZCKQq8C3X0_00.mp4,3.5,0.43,0.35,single
videos/7_GBBO6jreo_00.mp4,5.1,0.88,0.45,t-bone
videos/7b4ffyFOo_I_00.mp4,3.5,0.35,0.48,sideswipe
videos/7dMxFaTmaBs_00.mp4,10.8,0.48,0.55,rear-end
videos/7jr-TzLKTrU_00.mp4,5.7,0.12,0.38,single
videos/7m77G8C7hiE_00.mp4,3.8,0.48,0.55,sideswipe
videos/7sPi12elNPc_00.mp4,2.5,0.42,0.72,rear-end
videos/7ufiKhY4D_Y_00.mp4,13,0.54,0.53,rear-end
videos/7v3_mO6HyPk_00.mp4,1.7,0.88,0.65,single
videos/82garGyvexA_00.mp4,2.1,0.4,0.5,t-bone
videos/82sQ7N-aHOw_00.mp4,12.2,0.47,0.68,rear-end
videos/8G56ILxFFNM_00.mp4,10.6,0.45,0.58,sideswipe
videos/8G_gWFWoV3U_00.mp4,3,0.42,0.51,rear-end
videos/8UJFstPfuhU_00.mp4,3.8,0.68,0.58,t-bone
videos/8XV9oXxTZlI_00.mp4,2.3,0.78,0.52,rear-end
videos/8ZzJdjQi-aM_00.mp4,3.5,0.41,0.43,single
videos/8a1onzDf0Eg_00.mp4,4.1,0.45,0.65,t-bone
videos/8asB-NXAPSc_00.mp4,2,0.58,0.45,single
videos/8eSV1Aza1uE_00.mp4,5,0.18,0.33,rear-end
videos/8h2Xq-MfXPE_00.mp4,7,0.25,0.75,rear-end
videos/8i0FSER7SuE_00.mp4,3.5,0.32,0.51,rear-end
videos/8j-qfY6_Bxg_00.mp4,3.8,0.18,0.52,sideswipe
videos/8jfM1_kqjuY_00.mp4,7,0.68,0.65,t-bone
videos/8o-2-9mO8C0_00.mp4,2.7,0.48,0.35,t-bone
videos/8ohINS1qks8_00.mp4,6,0.41,0.58,single
videos/8s8en2EJPzg_00.mp4,15.5,0.52,0.68,single
videos/8sg1ollKgh4_00.mp4,2.7,0.68,0.38,rear-end
videos/8uCJX3Qp78g_00.mp4,7.7,0.68,0.58,t-bone
videos/917eW1YYvc4_00.mp4,5.4,0.78,0.65,t-bone
videos/91DHD6SEyVU_00.mp4,13.3,0.43,0.72,single
videos/91JpOFnaiD4_00.mp4,2.8,0.65,0.65,t-bone
videos/93SNo1CTA_w_00.mp4,2.6,0.38,0.58,t-bone
videos/94fta3ZwkM0_00.mp4,6.2,0.65,0.55,t-bone
videos/95Tx-2p0O_E_00.mp4,11.2,0.48,0.48,t-bone
videos/987C4_UdnJE_00.mp4,1,0.15,0.25,t-bone
videos/987C4_UdnJE_01.mp4,1.7,0.4,0.5,t-bone
videos/9AO9fQexSIo_00.mp4,10,0.63,0.45,single
videos/9AnFK85qRjM_00.mp4,1.3,0.42,0.38,sideswipe
videos/9BbYjDDO59w_00.mp4,1.2,0.22,0.45,rear-end
videos/9DRFJxKHc6g_2_00.mp4,5,0.72,0.45,single
videos/9DRFJxKHc6g_3_00.mp4,2,0.3,0.55,single
videos/9DRFJxKHc6g_4_00.mp4,6.7,0.51,0.51,t-bone
videos/9DRFJxKHc6g_5_00.mp4,10.2,0.68,0.52,t-bone
videos/9E91OEkRB-4_00.mp4,1.1,0.71,0.63,sideswipe
videos/9K5XWxsJleU_00.mp4,7.8,0.63,0.41,single
videos/9KTcbXYyzWI_00.mp4,5,0.44,0.43,rear-end
videos/9P_vAk9ZExI_00.mp4,2,0.53,0.51,single
videos/9PeFHB3oBKg_00.mp4,5,0.82,0.55,t-bone
videos/9Pfq8OtTeQA_00.mp4,3.2,0.45,0.65,sideswipe
videos/9PpJJxn6DmA_00.mp4,1.8,0.62,0.45,t-bone
videos/9VTtD6Sw6N4_00.mp4,16.6,0.58,0.31,single
videos/9VsL3A3PJ1Q_00.mp4,3,0.6,0.4,rear-end
videos/9XfMq4ikGTU_00.mp4,2.6,0.62,0.48,t-bone
videos/9_rjoTFi3Ek_00.mp4,0.6,0.35,0.45,t-bone
videos/9eE5_INjzaQ_00.mp4,1,0.82,0.65,single
videos/9eOu-gdsJD4_00.mp4,7,0.35,0.55,t-bone
videos/9fKAb-gGLRM_0_00.mp4,5,0.45,0.55,t-bone
videos/9fKAb-gGLRM_1_00.mp4,5,0.45,0.55,single
videos/9gEAWXvgLTw_00.mp4,3,0.48,0.58,t-bone
videos/9j0swlmm6eg_00.mp4,14.3,0.6,0.6,single
videos/9jZ67_1d5nU_00.mp4,2,0.52,0.57,sideswipe
videos/9jbzA3-ub9c_00.mp4,0.7,0.38,0.43,rear-end
videos/9nmufil1vvo_00.mp4,4.8,0.72,0.48,t-bone
videos/9tBAfjjPEkw_00.mp4,4.3,0.6,0.4,t-bone
videos/9u2VbfYpcBw_00.mp4,2,0.58,0.51,sideswipe
videos/9w-8u8wKF5k_00.mp4,4.5,0.68,0.32,single
videos/9xwZ_urlz-k_00.mp4,3.4,0.48,0.45,t-bone
videos/9z1bEUb3qGI_00.mp4,5,0.63,0.48,t-bone
videos/9z7lG2OdBoM_00.mp4,1.1,0.52,0.58,sideswipe
videos/A6Ut8jw-oLs_00.mp4,4.4,0.8,0.55,t-bone
videos/A8KM8YuiYIw_00.mp4,5.5,0.32,0.68,t-bone
videos/ACcnz_yNp6Q_00.mp4,1.8,0.18,0.25,single
videos/AEzHgZ0xjlk_00.mp4,13.3,0.48,0.47,single
videos/AFK28KnqDOQ_00.mp4,1,0.62,0.68,t-bone
videos/AGn3mKAiKQY_00.mp4,11.5,0.85,0.35,single
videos/AHIdbeOcAE0_00.mp4,9.1,0.91,0.48,single
videos/AJKLxHzIHYY_13_00.mp4,0.9,0.45,0.45,t-bone
videos/AJKLxHzIHYY_15_00.mp4,2.6,0.18,0.65,rear-end
videos/AJKLxHzIHYY_19_00.mp4,2.1,0.78,0.35,t-bone
videos/AJKLxHzIHYY_9_00.mp4,0.8,0.68,0.38,t-bone
videos/AJjnEMemjDk_00.mp4,7,0.42,0.58,single
videos/ALFF5620ljk_10_00.mp4,5.3,0.38,0.52,t-bone
videos/ALFF5620ljk_12_00.mp4,7.3,0.72,0.42,t-bone
videos/ALFF5620ljk_1_00.mp4,9,0.72,0.41,t-bone
videos/ALFF5620ljk_2_00.mp4,11.33,0.6,0.65,t-bone
videos/ALFF5620ljk_3_00.mp4,7,0.52,0.55,t-bone
videos/ALFF5620ljk_5_00.mp4,10.9,0.28,0.48,t-bone
videos/ALFF5620ljk_7_00.mp4,6.5,0.5,0.5,t-bone
videos/ALFF5620ljk_8_00.mp4,8,0.78,0.42,t-bone
videos/ALFF5620ljk_9_00.mp4,8,0.78,0.55,t-bone
videos/AOlLjNQ2vu4_00.mp4,7,0.73,0.43,single
videos/AdbmoLPWCUo_00.mp4,2.5,0.48,0.4,t-bone
videos/AeQaR7cklVU_00.mp4,2,0.53,0.62,sideswipe
videos/Ah1BmOi3V4Q_00.mp4,0.5,0.6,0.6,rear-end
videos/Aj5AlGboqeI_00.mp4,1.5,0.48,0.58,rear-end
videos/AjhYRdkLdRc_00.mp4,8.3,0.43,0.58,sideswipe
videos/Am-8EdFyiOU_00.mp4,4.4,0.47,0.38,t-bone
videos/ApyekBAgfg8_00.mp4,4.1,0.68,0.65,t-bone
videos/Aq_-v8khHjQ_00.mp4,7.7,0.15,0.8,single
videos/As0H5IK0CBI_00.mp4,5.3,0.22,0.33,rear-end
videos/At-4-Y2g7Y8_00.mp4,5,0.52,0.45,rear-end
videos/Au7DlgzqzEo_00.mp4,13.3,0.78,0.51,t-bone
videos/AuQz_-J2kzc_14_00.mp4,9.7,0.4,0.55,sideswipe
videos/AuQz_-J2kzc_15_00.mp4,1.2,0.58,0.45,t-bone
videos/AuQz_-J2kzc_19_00.mp4,4.1,0.18,0.45,t-bone
videos/AuQz_-J2kzc_1_00.mp4,6,0.42,0.38,t-bone
videos/AuQz_-J2kzc_25_00.mp4,3,0.75,0.55,t-bone
videos/AuQz_-J2kzc_27_00.mp4,3.39,0.32,0.48,sideswipe
videos/AuQz_-J2kzc_29_00.mp4,1,0.62,0.45,t-bone
videos/AuQz_-J2kzc_5_00.mp4,3.5,0.32,0.58,rear-end
videos/B3ehIhlZVD8_2_00.mp4,6.5,0.25,0.45,t-bone
videos/B6eG9Bvwj8o_00.mp4,2,0.25,0.4,t-bone
videos/B85gUt1fzIU_00.mp4,5.5,0.2,0.65,t-bone
videos/BBFzGfSLEZE_00.mp4,14.3,0.43,0.41,single
videos/BEBYF3xd0Lk_00.mp4,13,0.88,0.65,single
videos/BEZNd0pYy-4_00.mp4,14.1,0.83,0.51,t-bone
videos/BF5W6-8AkGM_00.mp4,4.5,0.87,0.75,single
videos/BFN3VYJ9ARs_00.mp4,12.2,0.52,0.48,rear-end
videos/BGXx55xRiic_00.mp4,6.5,0.18,0.45,sideswipe
videos/BGxp7NOV0AQ_00.mp4,4.3,0.48,0.65,t-bone
videos/BJ2kS9k9sZI_00.mp4,7.5,0.65,0.35,sideswipe
videos/BLq2n48HYZc_00.mp4,16.3,0.5,0.5,single
videos/BLq2n48HYZc_01.mp4,16.3,0.5,0.5,single
videos/BR4WAtlyQEQ_00.mp4,6.8,0.51,0.43,single
videos/BSNh9UoKY54_1_00.mp4,1.2,0.45,0.55,t-bone
videos/BV2QGa5Dgaw_00.mp4,4.5,0.58,0.33,t-bone
videos/BVXW2dz2OYA_00.mp4,3.6,0.35,0.58,rear-end
videos/BVvMdTfk43Y_00.mp4,3.2,0.23,0.68,single
videos/BX8gqiZIIHs_00.mp4,4.5,0.48,0.51,sideswipe
videos/BY9XdpYwLto_00.mp4,4.1,0.48,0.52,single
videos/B_6HYZSji3I_00.mp4,3.1,0.11,0.55,single
videos/B_nBw3PcHXg_00.mp4,4.7,0.71,0.45,rear-end
videos/BcZnPHU8nvY_00.mp4,16,0.85,0.75,single
videos/BdHk9yhbB94_00.mp4,3.5,0.38,0.68,sideswipe
videos/BdL1TIuXeuY_00.mp4,16.6,0.54,0.43,single
videos/Be6S5ecMGXA_00.mp4,6,0.58,0.51,t-bone
videos/BgdKGnFqz0I_00.mp4,6.8,0.83,0.53,single
videos/BiAj8Q5I710_00.mp4,14,0.58,0.25,head-on
videos/BlqSYfAQSEA_00.mp4,3.6,0.73,0.45,t-bone
videos/BpMHNEa79lo_2_00.mp4,7.2,0.58,0.62,rear-end
videos/BpMHNEa79lo_3_00.mp4,3,0.68,0.55,t-bone
videos/BpMHNEa79lo_4_00.mp4,5,0.48,0.45,t-bone
videos/Bv1O4yUKzEo_00.mp4,6,0.28,0.55,single
videos/BwR4-5ASq1k_00.mp4,4.2,0.52,0.68,t-bone
videos/BwSlVnQTtNo_00.mp4,10,0.55,0.33,rear-end
videos/C0faYXs1tA4_00.mp4,2,0.45,0.55,rear-end
videos/C5OJEzm0dio_00.mp4,5.9,0.18,0.68,single
videos/C5Vqz3BcyAs_00.mp4,1,0.62,0.58,rear-end
videos/C7fGGRaVtJs_00.mp4,2.5,0.23,0.5,single
videos/C7gOL8qM71E_00.mp4,3.5,0.35,0.65,single
videos/CBPD-SF1p90_00.mp4,2.7,0.6,0.55,single
videos/CD0ra7MBJJc_00.mp4,2.5,0.32,0.58,single
videos/CIN6BgkbMDQ_00.mp4,14,0.65,0.45,single
videos/CJP-_jaZ3FQ_00.mp4,13,0.48,0.32,single
videos/CJYMnDmGxio_00.mp4,13.3,0.48,0.68,rear-end
videos/CLxtkUlDwYs_00.mp4,7.2,0.65,0.75,t-bone
videos/CQaoY2QypM8_00.mp4,3.2,0.53,0.63,t-bone
videos/CRFFj83OIDU_00.mp4,4.8,0.58,0.57,t-bone
videos/CRu-S6GbqF0_00.mp4,5,0.68,0.65,t-bone
videos/CU0w8gexxew_00.mp4,5,0.14,0.45,single
videos/CV8iSUAmHvw_00.mp4,8.8,0.55,0.48,t-bone
videos/CVSBJThqVgA_00.mp4,12.1,0.63,0.39,single
videos/Cfot7TRlxAQ_00.mp4,4.2,0.63,0.33,single
videos/CftpplTN-Qc_00.mp4,3.6,0.45,0.45,t-bone
videos/CfyyqTRMA6A_00.mp4,8.8,0.42,0.48,rear-end
videos/Chf8yRqccCM_00.mp4,7,0.62,0.48,single
videos/CkI203kbHQ8_11_00.mp4,0.6,0.25,0.4,sideswipe
videos/CkI203kbHQ8_12_00.mp4,5,0.48,0.38,sideswipe
videos/CkI203kbHQ8_29_00.mp4,6.2,0.42,0.28,t-bone
videos/CkI203kbHQ8_32_00.mp4,0.5,0.25,0.5,sideswipe
videos/CkI203kbHQ8_5_00.mp4,3.5,0.3,0.45,sideswipe
videos/CnsDyfXdf8s_0_00.mp4,8.5,0.38,0.48,t-bone
videos/CnsDyfXdf8s_1_00.mp4,5.1,0.52,0.42,t-bone
videos/CpBPz9n7_Rg_00.mp4,3.8,0.65,0.55,single
videos/CtYbOZdwGkY_00.mp4,2.4,0.38,0.62,rear-end
videos/Cu3dl1ABN2k_00.mp4,3.8,0.45,0.55,t-bone
videos/Cu647jk6n_s_00.mp4,6.8,0.65,0.55,rear-end
videos/CuKoIfFdF_U_00.mp4,4.3,0.58,0.52,t-bone
videos/CvNTYeiVF7s_00.mp4,13.2,0.18,0.58,single
videos/CwynQU9-yhE_00.mp4,5.6,0.32,0.55,t-bone
videos/CyqcCI-woio_00.mp4,5.5,0.65,0.45,t-bone
videos/CzOWGXrwbp4_00.mp4,11,0.53,0.55,sideswipe
videos/Czp_f_DrRB8_00.mp4,16.5,0.18,0.68,single
videos/D1eP4Bn4hDQ_0_00.mp4,5.5,0.58,0.72,t-bone
videos/D2AHpCitweI_0_00.mp4,1.8,0.48,0.35,t-bone
videos/D6jE82ExHv4_00.mp4,4.38,0.88,0.65,single
videos/D6jE82ExHv4_01.mp4,12,0.83,0.41,single
videos/D7D-zT4wxC4_00.mp4,8,0.32,0.68,sideswipe
videos/DEmCJ-_E3tY_00.mp4,9,0.28,0.52,single
videos/DHG33zf-bkk_00.mp4,5.8,0.18,0.72,single
videos/DJ-zFm_TSTM_00.mp4,13,0.48,0.45,rear-end
videos/DNXPVeHVfik_00.mp4,7.4,0.45,0.55,t-bone
videos/DQ0vvyzJd3A_00.mp4,3.5,0.45,0.55,t-bone
videos/DTPQZJzsoXY_00.mp4,3.3,0.18,0.45,sideswipe
videos/DU2mJPGb3ys_00.mp4,10.5,0.23,0.65,single
videos/DVEA5y2V4-w_00.mp4,3.3,0.43,0.48,t-bone
videos/DZBg6CcIi6Y_00.mp4,0.8,0.28,0.58,rear-end
videos/DksclwuFCXI_00.mp4,5.2,0.31,0.53,single
videos/Dum9n19ZHYk_00.mp4,3.3,0.33,0.52,sideswipe
videos/Dupsb1RMpXM_00.mp4,3.7,0.45,0.55,head-on
videos/E56s-zfz2QE_00.mp4,10.6,0.32,0.51,single
videos/E65lhgBF1rM_00.mp4,15.7,0.52,0.43,sideswipe
videos/E6rFBPMiDy0_00.mp4,13.6,0.32,0.48,single
videos/E7SZ9wPStb4_00.mp4,1.4,0.58,0.68,sideswipe
videos/EAXHuVGCmSA_00.mp4,13.5,0.21,0.53,single
videos/EBUkwCDDOIU_00.mp4,10.1,0.35,0.35,sideswipe
videos/EEYAqpWdNAE_00.mp4,2,0.62,0.45,t-bone
videos/EJodW3XFdU4_00.mp4,5,0.83,0.68,t-bone
videos/EN-JKUXkwPQ_2_00.mp4,2,0.48,0.62,rear-end
videos/EN-JKUXkwPQ_4_00.mp4,2.2,0.38,0.52,t-bone
videos/EN-JKUXkwPQ_6_00.mp4,3,0.4,0.25,t-bone
videos/EN-JKUXkwPQ_7_00.mp4,4.5,0.2,0.35,t-bone
videos/EOylWdC12mY_00.mp4,2.2,0.35,0.68,rear-end
videos/EV73dR7U00I_00.mp4,3.1,0.42,0.58,sideswipe
videos/EVNMnYgWIuk_00.mp4,6.7,0.58,0.43,sideswipe
videos/EVZe1VSzboY_00.mp4,11.9,0.28,0.68,single
videos/EWacZjLgE18_00.mp4,3.5,0.3,0.35,single
videos/EXaPMbnM4Vs_00.mp4,13.3,0.63,0.61,sideswipe
videos/EYPYs2UKPmE_00.mp4,11.2,0.32,0.6,rear-end
videos/EYu49m3fAp4_00.mp4,5.1,0.58,0.65,t-bone
videos/EcsgXARlmDI_00.mp4,4,0.62,0.35,single
videos/EdvDlbnKQYI_00.mp4,6,0.34,0.43,single
videos/Ef9PwNwVRvY_00.mp4,6,0.48,0.31,single
videos/Ej9_uEsIejA_00.mp4,5.5,0.52,0.5,t-bone
videos/EkSE8710mGg_00.mp4,6.8,0.43,0.55,sideswipe
videos/EpkEvZLzKko_00.mp4,16.2,0.52,0.48,single
videos/Er-dsvrO1UU_00.mp4,15,0.53,0.51,single
videos/Ex8VtDfLq8M_00.mp4,3,0.52,0.42,t-bone
videos/ExU1_ouZ3bw_00.mp4,12,0.65,0.7,single
videos/EyZo7F2P35A_00.mp4,4.3,0.19,0.41,single
videos/EzI5Rn3z4ew_00.mp4,4.7,0.72,0.51,head-on
videos/F0NHENn-HS4_00.mp4,9.3,0.58,0.43,single
videos/F40LX7-M7xc_00.mp4,4,0.48,0.43,t-bone
videos/F810q1TVR94_00.mp4,13,0.53,0.5,single
videos/F8PPMv46IQk_00.mp4,9.1,0.52,0.3,single
videos/FAEmPbAt0Wk_00.mp4,3.3,0.6,0.45,t-bone
videos/FD2WTKo0V94_00.mp4,3.7,0.28,0.48,t-bone
videos/FDjxbPaxmho_00.mp4,5.3,0.48,0.51,rear-end
videos/FFkOuMBHngY_00.mp4,4.2,0.82,0.58,rear-end
videos/FGZ7r8JC1MY_00.mp4,7.5,0.48,0.65,single
videos/FIBPRI-_xPo_00.mp4,8.2,0.12,0.72,t-bone
videos/FImmtvW8KUI_00.mp4,13,0.68,0.65,single
videos/FJcKTvBI75U_00.mp4,4.7,0.4,0.5,t-bone
videos/FJcKTvBI75U_01.mp4,11,0.42,0.58,rear-end
videos/FJcKTvBI75U_02.mp4,9.5,0.43,0.68,single
videos/FKB8WfghbV0_00.mp4,4.2,0.4,0.4,t-bone
videos/FNS3OiJwL0k_00.mp4,4,0.68,0.65,sideswipe
videos/FOPldt8txP4_00.mp4,15.2,0.48,0.68,single
videos/FR3eYZzgeJY_00.mp4,3,0.52,0.68,t-bone
videos/FV6XO5Yg9VU_00.mp4,11.9,0.42,0.58,single
videos/FVZu22TdJwc_00.mp4,2.3,0.28,0.55,t-bone
videos/FY2wvzTv5vo_00.mp4,1.5,0.52,0.5,t-bone
videos/FY2wvzTv5vo_01.mp4,5,0.78,0.52,t-bone
videos/F_UEUU6h33s_00.mp4,5,0.62,0.72,single
videos/FaI91W7BO04_00.mp4,7.1,0.5,0.5,t-bone
videos/Fb1XWmXZTZw_00.mp4,13,0.85,0.7,single
videos/FbMyX_ZWAm8_00.mp4,4.4,0.68,0.45,single
videos/FhFwhsyOjUU_00.mp4,9.2,0.82,0.55,sideswipe
videos/Fix7_GpawXw_00.mp4,13.2,0.43,0.57,sideswipe
videos/FjYZw1xUvqg_00.mp4,10,0.18,0.28,single
videos/Fk2lELADm8U_00.mp4,13.9,0.72,0.58,rear-end
videos/FnahNGsmeSQ_00.mp4,8.3,0.48,0.45,head-on
videos/FojgBxlQgiw_00.mp4,2.2,0.28,0.65,t-bone
videos/FyUKGsHyoxE_00.mp4,2.5,0.42,0.53,rear-end
videos/G0jQdKiCbhU_00.mp4,14.1,0.45,0.55,single
videos/G203AMlz_Yo_00.mp4,15.5,0.82,0.72,rear-end
videos/G4QrIWuvNoM_00.mp4,8,0.38,0.52,rear-end
videos/G84adP8TOLw_00.mp4,5,0.21,0.53,single
videos/G9G97Pf8hMk_00.mp4,5.1,0.65,0.55,t-bone
videos/GAuVOgez5bQ_00.mp4,7,0.12,0.32,t-bone
videos/GBKfe2jmXn4_00.mp4,2.2,0.72,0.28,single
videos/GD6usZ7O7UU_00.mp4,3.3,0.72,0.68,t-bone
videos/GDadq8Vznvc_00.mp4,6.7,0.72,0.65,t-bone
videos/GI1-kjZaEWM_00.mp4,5.2,0.77,0.65,single
videos/GINQ6xQrz94_00.mp4,12.5,0.85,0.65,single
videos/GIm11SfAp8c_00.mp4,9.1,0.45,0.28,single
videos/GPMefBsSI44_00.mp4,2.9,0.42,0.65,sideswipe
videos/GSvQCAPnFGo_00.mp4,4.3,0.73,0.58,t-bone
videos/GVHE7LumYVo_00.mp4,6.7,0.52,0.53,rear-end
videos/GWx-Z5rWhzc_00.mp4,2.7,0.48,0.65,t-bone
videos/Ga3FbFSHZdA_00.mp4,4,0.38,0.58,t-bone
videos/Ga8NZJ64V80_00.mp4,6,0.62,0.55,rear-end
videos/GaAVUUYx9q8_00.mp4,2.1,0.38,0.65,rear-end
videos/GbIQab3ECjI_00.mp4,3.7,0.78,0.52,t-bone
videos/Gg9E2AQBMpM_00.mp4,2.8,0.48,0.58,sideswipe
videos/Gi1LR7ikvBo_00.mp4,2.1,0.11,0.58,sideswipe
videos/GjcgUDvSdls_00.mp4,10,0.58,0.45,t-bone
videos/GnpwLP2THmM_0_00.mp4,1.5,0.65,0.45,t-bone
videos/GnpwLP2THmM_10_00.mp4,1.1,0.45,0.45,t-bone
videos/GnpwLP2THmM_1_00.mp4,3,0.45,0.55,t-bone
videos/GnpwLP2THmM_2_00.mp4,1.4,0.78,0.48,t-bone
videos/GnpwLP2THmM_3_00.mp4,2,0.55,0.55,t-bone
videos/GnpwLP2THmM_4_00.mp4,2.1,0.7,0.55,t-bone
videos/GnpwLP2THmM_5_00.mp4,2,0.55,0.58,sideswipe
videos/GnpwLP2THmM_6_00.mp4,1.2,0.72,0.52,t-bone
videos/GnpwLP2THmM_7_00.mp4,1.5,0.7,0.55,t-bone
videos/GnpwLP2THmM_9_00.mp4,2.4,0.52,0.52,t-bone
videos/GsL5oknV-w0_00.mp4,5.2,0.72,0.68,t-bone
videos/GsRdjuR2PpE_00.mp4,4.8,0.55,0.38,sideswipe
videos/GtL1Onu28Iw_00.mp4,8.8,0.72,0.3,single
videos/Gw3WQGxMH_I_00.mp4,25,0.7,0.45,t-bone
videos/H0MCccZiB3M_00.mp4,3.3,0.2,0.45,t-bone
videos/H644DZi-cWQ_00.mp4,2,0.55,0.65,t-bone
videos/H6A3xLciOZk_00.mp4,4.3,0.38,0.58,t-bone
videos/H6DKiF_kwIs_00.mp4,12.3,0.4,0.55,single
videos/H6FXwjTkWYI_00.mp4,7.2,0.48,0.45,sideswipe
videos/H7tS58aI1rM_00.mp4,13,0.2,0.4,single
videos/HC89136mZXs_00.mp4,4.6,0.41,0.53,rear-end
videos/HD6QGx9d8ow_0_00.mp4,2.3,0.68,0.58,sideswipe
videos/HD6QGx9d8ow_1_00.mp4,3,0.45,0.55,t-bone
videos/HFgLNfSjd6g_00.mp4,2.8,0.54,0.78,sideswipe
videos/HGediRhCK14_00.mp4,5.7,0.43,0.55,rear-end
videos/HLK2xLUfMsM_00.mp4,8.4,0.88,0.55,t-bone
videos/HMdWAx9g5eI_00.mp4,5.5,0.58,0.53,sideswipe
videos/HMh6V4MXD38_00.mp4,6.8,0.57,0.65,single
videos/HQSjoUe8M8U_00.mp4,2,0.34,0.65,single
videos/HROdEY9OZk4_00.mp4,2.7,0.68,0.51,t-bone
videos/HSDqCUHuz8Q_0_00.mp4,2.5,0.45,0.55,t-bone
videos/HSDqCUHuz8Q_3_00.mp4,2.5,0.65,0.55,sideswipe
videos/HSDqCUHuz8Q_5_00.mp4,5,0.35,0.45,single
videos/HVAxCUrR_Qc_00.mp4,1.46,0.55,0.55,single
videos/HXttLdePt0k_00.mp4,9.46,0.91,0.88,single
videos/HYUcneYzPZM_00.mp4,8.7,0.88,0.55,single
videos/HYr1QeHHFkI_00.mp4,8,0.1,0.45,single
videos/HZXYwgLy0RE_00.mp4,4.1,0.38,0.55,t-bone
videos/Hg0kgEuDppk_00.mp4,3,0.72,0.45,t-bone
videos/HgLFvVtCXRw_00.mp4,3.4,0.62,0.45,t-bone
videos/HjA3G2yYrNg_00.mp4,3.7,0.28,0.65,single
videos/Hjax6nMPd6Q_00.mp4,16.5,0.5,0.5,single
videos/HsI9suJ4Mkw_00.mp4,10.2,0.41,0.51,rear-end
videos/Hu5cukZ0Zgw_00.mp4,5.3,0.68,0.65,head-on
videos/HxxaCH818LI_00.mp4,1.2,0.67,0.52,rear-end
videos/I2qAsVRZSkc_00.mp4,8.3,0.57,0.35,single
videos/I2syQkUAm0g_00.mp4,4.3,0.48,0.32,t-bone
videos/IAhGJNVqs1M_10_00.mp4,1.7,0.55,0.65,t-bone
videos/IAhGJNVqs1M_14_00.mp4,10,0.72,0.72,t-bone
videos/IAhGJNVqs1M_9_00.mp4,6.5,0.38,0.62,t-bone
videos/IF-F7mUXhas_00.mp4,3,0.55,0.58,rear-end
videos/IKBt_1zB87o_00.mp4,13.3,0.32,0.78,single
videos/ILLwcx7DKvM_00.mp4,7,0.32,0.63,sideswipe
videos/IMy1fD-bTng_00.mp4,10.5,0.54,0.52,single
videos/IOxe9lyfZRA_00.mp4,3.2,0.45,0.48,single
videos/IQDkEcJP3rw_00.mp4,3.6,0.55,0.35,rear-end
videos/ITHSYGUkuV8_00.mp4,5,0.58,0.45,single
videos/ITahkTaWzyQ_00.mp4,11.4,0.65,0.52,sideswipe
videos/Ib9wzyr5GqE_00.mp4,6.5,0.78,0.65,single
videos/IbJBE53NXZc_00.mp4,6.8,0.12,0.6,single
videos/IcHtsAFIRjk_00.mp4,11.5,0.72,0.55,rear-end
videos/IgfiZK91D64_00.mp4,2.5,0.52,0.45,sideswipe
videos/IhxIuzCn1dM_00.mp4,1.5,0.3,0.5,t-bone
videos/IjYlfr_dwaE_00.mp4,11.2,0.38,0.58,t-bone
videos/IjrWDrC23GY_00.mp4,14.5,0.48,0.45,single
videos/IlublX9hlVc_00.mp4,5.2,0.28,0.52,t-bone
videos/Img4DcUjRmo_00.mp4,3,0.38,0.38,rear-end
videos/InbJMYd79yc_00.mp4,5,0.48,0.45,rear-end
videos/IrdhgFvZE1Y_00.mp4,3.4,0.38,0.58,single
videos/IrzdCEl72lc_00.mp4,1.7,0.48,0.55,rear-end
videos/Iu6k6jWZGZ0_00.mp4,5.2,0.65,0.35,t-bone
videos/IvpRueS_9RI_00.mp4,15.2,0.68,0.41,single
videos/IxLBncFm-oE_00.mp4,3.3,0.37,0.42,rear-end
videos/Iy_GdGD-ySg_00.mp4,8.2,0.44,0.6,single
videos/J19P9fWUj2U_00.mp4,6.2,0.3,0.5,sideswipe
videos/J22LBVPh5kk_00.mp4,3.5,0.28,0.45,rear-end
videos/J2BlH3gdl0k_00.mp4,13.8,0.12,0.58,single
videos/J489DF-y2B8_00.mp4,4.4,0.28,0.48,t-bone
videos/J4EFIegLA-I_00.mp4,4.5,0.45,0.45,t-bone
videos/J4QZ5vJy-3E_00.mp4,8.2,0.48,0.48,t-bone
videos/J7Biq7X1kxQ_00.mp4,2,0.18,0.35,single
videos/J80rwyEvSlY_00.mp4,6.1,0.59,0.47,rear-end
videos/JAVaEV-aUjM_00.mp4,2,0.18,0.65,sideswipe
videos/JC52fZUaMio_00.mp4,3,0.51,0.53,rear-end
videos/JDc09Tn1tR8_00.mp4,14.5,0.73,0.72,single
videos/JEclWwaL-Ps_00.mp4,6.2,0.53,0.48,t-bone
videos/JEv4-TJDQlQ_00.mp4,11.5,0.48,0.52,sideswipe
videos/JGD3vYYu5S4_00.mp4,5.1,0.58,0.65,rear-end
videos/JGeH83hHjpE_00.mp4,3.1,0.6,0.6,t-bone
videos/JHmNWiEhINQ_00.mp4,13.7,0.35,0.48,rear-end
videos/JHq6SVNhY0Y_00.mp4,4.2,0.63,0.41,t-bone
videos/JKYjZ-tLgrw_00.mp4,6.1,0.73,0.52,sideswipe
videos/JM2EUK2Odg8_00.mp4,2.5,0.4,0.45,single
videos/JNsoId5gPK8_00.mp4,7.5,0.83,0.52,t-bone
videos/JTIfOGQql0A_00.mp4,8,0.41,0.45,t-bone
videos/JZcTEwl1Od4_00.mp4,7.2,0.52,0.52,t-bone
videos/JZnyV3r3cA4_00.mp4,2.2,0.78,0.48,rear-end
videos/Jafouq9fwp4_00.mp4,2.5,0.3,0.55,t-bone
videos/JdSFsM58Vrs_00.mp4,12.3,0.62,0.68,t-bone
videos/JeIJWYefuBQ_00.mp4,4.7,0.55,0.5,t-bone
videos/JeUAtNDJk9A_00.mp4,8.3,0.27,0.58,single
videos/JmRMCNbbhOY_00.mp4,7.1,0.47,0.53,sideswipe
videos/Jmd2l99EQZE_00.mp4,13.5,0.48,0.32,head-on
videos/Jr-RXkEv6Ds_00.mp4,3.7,0.52,0.65,t-bone
videos/JsJ_gpjIH1k_00.mp4,1.58,0.73,0.63,rear-end
videos/Jt65lD9BAPY_00.mp4,3,0.18,0.65,t-bone
videos/JvLt2kMm3Qs_00.mp4,4.5,0.48,0.72,single
videos/JzYHiq1zaZs_00.mp4,3.7,0.58,0.35,sideswipe
videos/K0RZlWi2qhA_00.mp4,13,0.33,0.52,single
videos/K0YHy4UKGE4_00.mp4,3.7,0.78,0.72,rear-end
videos/K4we-6FhePo_00.mp4,3.5,0.62,0.58,sideswipe
videos/K98k1MB8rps_00.mp4,4.4,0.68,0.32,single
videos/KIAzlkbMog4_00.mp4,3.8,0.42,0.55,rear-end
videos/KJdY94Xu5x0_00.mp4,5.2,0.43,0.58,rear-end
videos/KMUWUj13hFw_00.mp4,16.7,0.27,0.51,single
videos/KOeH4VgqYR4_00.mp4,3,0.82,0.68,single
videos/KPyyCBJKS98_00.mp4,14,0.55,0.48,single
videos/KQ1M-32l-E0_00.mp4,2.12,0.27,0.53,single
videos/KQETX3JfWlE_00.mp4,7.4,0.51,0.51,rear-end
videos/KTGByI3N4G0_00.mp4,1.5,0.68,0.48,sideswipe
videos/KUBbn-T3XYI_00.mp4,11.2,0.48,0.22,rear-end
videos/KWBc4BKAUso_00.mp4,8,0.52,0.48,sideswipe
videos/KZ8uvPQdYdk_00.mp4,3.7,0.33,0.6,single
videos/KZl-FNCuiGs_00.mp4,6.2,0.62,0.48,rear-end
videos/KZq065NiqZM_00.mp4,6.2,0.55,0.38,sideswipe
videos/KcWnZOH5CK8_00.mp4,2.3,0.58,0.62,rear-end
videos/KfSjYfTH-H4_00.mp4,2.2,0.72,0.58,sideswipe
videos/KiVTcO5wpds_00.mp4,2.5,0.72,0.38,t-bone
videos/Kw_Xo2iUEZQ_00.mp4,2.4,0.32,0.48,rear-end
videos/Kw_Xo2iUEZQ_01.mp4,1.3,0.47,0.55,single
videos/KwifJ6bebdo_00.mp4,13.1,0.43,0.41,sideswipe
videos/KxlGte5pVZs_00.mp4,13.2,0.53,0.57,rear-end
videos/L2cVGFG5rwE_00.mp4,5.5,0.57,0.55,rear-end
videos/L334aqEJxys_0_00.mp4,4.7,0.48,0.55,head-on
videos/L334aqEJxys_1_00.mp4,5.7,0.2,0.55,single
videos/L821I_3rs6Y_00.mp4,7.2,0.55,0.45,t-bone
videos/LAojlJEDJ2w_00.mp4,3.3,0.52,0.52,t-bone
videos/LCkt9L0JnXU_00.mp4,10.8,0.32,0.62,t-bone
videos/LDFzVFnuKIg_00.mp4,1,0.5,0.5,rear-end
videos/LGanHyFZCBg_00.mp4,3.5,0.85,0.48,single
videos/LI8ZZcRlFV8_00.mp4,3,0.28,0.58,rear-end
videos/LIB4DVkk3lc_00.mp4,12,0.43,0.58,single
videos/LLead91Xhho_00.mp4,2.2,0.12,0.55,single
videos/LMr2EuxQ1IY_00.mp4,13.2,0.85,0.5,single
videos/LMw1OJe37fM_00.mp4,1,0.48,0.42,t-bone
videos/LPQ23LL3dG4_00.mp4,7.3,0.52,0.68,rear-end
videos/LP_C34tyPl4_00.mp4,11,0.48,0.52,sideswipe
videos/LQ3ERldwsJQ_00.mp4,7.1,0.52,0.45,t-bone
videos/LSiLtoXajJE_00.mp4,7.4,0.4,0.58,sideswipe
videos/LVrfZ4HLlR4_00.mp4,6,0.45,0.6,single
videos/LY4ki_2dmwU_00.mp4,5,0.45,0.35,head-on
videos/LZY4HepPGu0_00.mp4,5,0.62,0.53,single
videos/LeRsK6lfpK8_00.mp4,1.6,0.58,0.42,t-bone
videos/LeRsK6lfpK8_01.mp4,3.42,0.73,0.38,t-bone
videos/LeRsK6lfpK8_02.mp4,5.5,0.4,0.45,sideswipe
videos/LiLrm5Zn19w_00.mp4,10.7,0.48,0.48,rear-end
videos/LiM5LPSZoow_00.mp4,13.4,0.48,0.55,t-bone
videos/LklNl33KztU_00.mp4,5.3,0.83,0.45,single
videos/LmWvBPSBxNE_00.mp4,14.8,0.4,0.6,single
videos/Lm_u8Ey-588_00.mp4,3.8,0.65,0.65,t-bone
videos/LosVYAhNYlY_00.mp4,1,0.42,0.35,t-bone
videos/Lqgoisezv8E_00.mp4,4.2,0.65,0.51,t-bone
videos/LrMyR9M_g3I_00.mp4,3.8,0.31,0.43,sideswipe
videos/LsXzcdBISgw_00.mp4,1,0.1,0.65,single
videos/LtBosyZywWw_00.mp4,3.4,0.25,0.55,t-bone
videos/LxNrteV6pVs_00.mp4,5.1,0.35,0.58,single
videos/LxNrteV6pVs_01.mp4,2.5,0.35,0.55,sideswipe
videos/Ly7szYRjMdw_00.mp4,1.2,0.35,0.65,single
videos/M1ooGq00a4w_00.mp4,5.2,0.35,0.55,single
videos/M6WWLqx3z88_00.mp4,1.5,0.4,0.5,t-bone
videos/M7tbQSvMe5o_00.mp4,13.5,0.18,0.47,single
videos/MA3KBCQu9eY_00.mp4,13.6,0.68,0.48,single
videos/MAlk_czfNIs_00.mp4,14,0.27,0.63,single
videos/MCeomZE3fqw_00.mp4,4,0.68,0.52,sideswipe
videos/ML52jXyFltw_0_00.mp4,1.4,0.45,0.45,rear-end
videos/MLNUAH0Nc5w_00.mp4,2,0.35,0.55,t-bone
videos/MQI5ApNNZPI_00.mp4,3.7,0.28,0.62,rear-end
videos/MRyEislt23s_00.mp4,10.1,0.9,0.7,single
videos/MTOPgMW9aIg_00.mp4,2.7,0.52,0.38,rear-end
videos/MTxBv0i8B8w_00.mp4,8,0.38,0.65,t-bone
videos/MXO-t9vukaM_00.mp4,3.4,0.33,0.31,single
videos/MXoQL7GPBts_00.mp4,4.4,0.45,0.45,t-bone
videos/Mem77KKhF8c_00.mp4,1.8,0.45,0.55,t-bone
videos/MenTH2yFi6c_00.mp4,16.5,0.3,0.45,single
videos/Mk3DdsuI71U_00.mp4,1.3,0.28,0.45,sideswipe
videos/MruMFUBosJU_00.mp4,2.7,0.38,0.72,sideswipe
videos/MsQns-Oy-hk_00.mp4,4.5,0.21,0.53,t-bone
videos/MsQns-Oy-hk_01.mp4,3,0.23,0.41,t-bone
videos/MsQns-Oy-hk_02.mp4,0.8,0.38,0.35,single
videos/Mujpcz6MX4g_00.mp4,4.7,0.58,0.68,t-bone
videos/MvV_hkztDqE_00.mp4,2,0.52,0.57,rear-end
videos/MxiC2UdOzE8_0_00.mp4,9.5,0.3,0.5,sideswipe
videos/Mz3oLId8I5Y_00.mp4,10,0.53,0.41,t-bone
videos/Mzuyrdg3hxY_00.mp4,13,0.45,0.55,single
videos/N6zJ2inqJn0_0_00.mp4,7.1,0.51,0.53,t-bone
videos/N6zJ2inqJn0_1_00.mp4,1.7,0.45,0.55,t-bone
videos/N6zJ2inqJn0_2_00.mp4,2.5,0.15,0.55,t-bone
videos/N6zJ2inqJn0_3_00.mp4,3,0.55,0.45,sideswipe
videos/N8kPF4qITIM_00.mp4,8.5,0.55,0.48,rear-end
videos/NDkAFTqHLzo_00.mp4,11.2,0.93,0.62,single
videos/NF5q7ye97l0_00.mp4,4.5,0.14,0.28,single
videos/NHOOHKL_z8s_00.mp4,3.2,0.73,0.55,t-bone
videos/NIwmS3dbHY0_00.mp4,2.5,0.46,0.55,rear-end
videos/NJvjYUBWAc0_00.mp4,6.4,0.61,0.53,single
videos/NKA8MgHBw5A_00.mp4,16.1,0.25,0.75,single
videos/NQXpqL8dL8s_00.mp4,5,0.32,0.41,single
videos/NTMLhz_KdXo_00.mp4,2.5,0.48,0.48,t-bone
videos/NW8ZJK5zv_M_00.mp4,7.7,0.65,0.35,rear-end
videos/NXGMpjaYFsw_00.mp4,6.2,0.38,0.45,single
videos/NaRgSBNtbFY_00.mp4,5.1,0.58,0.45,t-bone
videos/NbRmwSIXDzw_00.mp4,3.5,0.82,0.65,t-bone
videos/NcksItQU_i0_00.mp4,12,0.33,0.48,single
videos/NdGEyXh1tqA_00.mp4,3,0.65,0.45,t-bone
videos/NdXcu0X1nH8_00.mp4,4.3,0.38,0.38,t-bone
videos/NeOMWr9b_7I_00.mp4,10.5,0.48,0.52,single
videos/NfK10cGdiFw_00.mp4,9.5,0.45,0.55,t-bone
videos/NhVQ26Tutwg_00.mp4,13.4,0.15,0.75,single
videos/NjK1CBPb0tY_00.mp4,3.6,0.52,0.52,t-bone
videos/Nlb0EeukIEQ_00.mp4,1.1,0.67,0.42,t-bone
videos/NmExQpJsyOA_00.mp4,12,0.48,0.65,sideswipe
videos/Nn10f6awuTk_00.mp4,12,0.38,0.72,single
videos/NpV7pI8k-SQ_00.mp4,5.1,0.43,0.48,t-bone
videos/Ns30XeulhHo_00.mp4,6.2,0.52,0.55,single
videos/Ns30XeulhHo_01.mp4,0.9,0.6,0.5,rear-end
videos/Ns30XeulhHo_02.mp4,1.1,0.45,0.4,single
videos/Ns30XeulhHo_03.mp4,2.6,0.4,0.35,single
videos/Ns30XeulhHo_04.mp4,3.5,0.35,0.65,rear-end
videos/Ns30XeulhHo_05.mp4,3.3,0.58,0.35,single
videos/NuLbMFaj3Lk_00.mp4,7,0.35,0.55,t-bone
videos/NxY_zN9UWqA_00.mp4,13,0.48,0.48,single
videos/NyKEneNoK54_00.mp4,1,0.28,0.68,single
videos/O0_rWZB5-xM_00.mp4,13.5,0.42,0.47,single
videos/O0v2MBUkTGk_00.mp4,5.7,0.71,0.58,rear-end
videos/O1AHOHWpTv8_00.mp4,5,0.48,0.52,single
videos/O4eKyRwAKXQ_00.mp4,6.3,0.68,0.62,t-bone
videos/O8x8fTbKfQo_00.mp4,5.5,0.32,0.48,t-bone
videos/OBYOHYWB8XE_00.mp4,3.4,0.65,0.55,t-bone
videos/ODXaUnji7LI_00.mp4,13,0.12,0.58,single
videos/OIbLSlLL47A_00.mp4,11,0.52,0.58,rear-end
videos/OJkIuYwVcHA_00.mp4,0.7,0.58,0.55,t-bone
videos/OJvzrl3xheI_00.mp4,3.8,0.21,0.45,sideswipe
videos/OKlebmp3c0M_00.mp4,7.7,0.22,0.38,t-bone
videos/OMjHjaMBzus_00.mp4,6,0.83,0.65,rear-end
videos/OPrn1pj3g5M_00.mp4,10.3,0.11,0.42,rear-end
videos/OXVXsdDT9QQ_00.mp4,1,0.5,0.45,t-bone
videos/OY5bWBGoSwc_00.mp4,2.7,0.23,0.55,rear-end
videos/O_WaBEjEV2Y_00.mp4,10.6,0.12,0.65,single
videos/OaB8oFL1uKY_00.mp4,5.1,0.52,0.48,single
videos/OcSiHrgFRNs_00.mp4,13.8,0.75,0.35,single
videos/OdgIl355A80_00.mp4,4.2,0.48,0.45,sideswipe
videos/OehnhIPFm4Q_00.mp4,2.2,0.73,0.4,single
videos/OehnhIPFm4Q_01.mp4,2.8,0.72,0.35,single
videos/OehnhIPFm4Q_02.mp4,3.8,0.43,0.52,single
videos/OehnhIPFm4Q_03.mp4,3,0.55,0.33,rear-end
videos/OehnhIPFm4Q_04.mp4,5.8,0.38,0.52,rear-end
videos/OjjbNRuOJhc_00.mp4,4.6,0.73,0.58,t-bone
videos/OjjbNRuOJhc_01.mp4,5,0.53,0.38,t-bone
videos/OjosPgV4Lss_00.mp4,8,0.65,0.55,single
videos/Ok6RsksG3fY_00.mp4,3,0.55,0.35,sideswipe
videos/Okrusfvcpt8_00.mp4,3,0.83,0.48,sideswipe
videos/OlkuOuXVfQ8_00.mp4,3,0.65,0.55,rear-end
videos/OlyJb8yf1dI_00.mp4,8.3,0.4,0.55,sideswipe
videos/OmriwRCPF7M_00.mp4,12.5,0.75,0.35,single
videos/OoflvRjRL_Q_00.mp4,3.2,0.52,0.63,t-bone
videos/OrX9GrUmLy0_00.mp4,7.5,0.28,0.72,rear-end
videos/Ov8CuX37yeo_00.mp4,4.3,0.35,0.37,rear-end
videos/P1CKuvV6ma4_00.mp4,4,0.52,0.32,rear-end
videos/P4oEdSFJvfU_00.mp4,10.5,0.51,0.51,rear-end
videos/P74ieG--On8_00.mp4,5.1,0.82,0.55,t-bone
videos/P7BOK9E4kS8_00.mp4,7.5,0.51,0.58,sideswipe
videos/P9JZFMr8NeQ_00.mp4,9.3,0.52,0.3,sideswipe
videos/PAStSUrr8h0_00.mp4,1.5,0.7,0.4,t-bone
videos/PAuYsJns-Fc_00.mp4,13.5,0.39,0.5,single
videos/PD-N1gMJNXg_00.mp4,14,0.2,0.6,single
videos/PF5pVn8N9wA_11_00.mp4,1,0.5,0.4,t-bone
videos/PI75_k43UTI_00.mp4,3,0.42,0.63,rear-end
videos/PIcPcm3xtX8_00.mp4,3.3,0.5,0.4,single
videos/PNXLwYc7TFo_00.mp4,0.5,0.48,0.52,rear-end
videos/PQHiBa179Ew_00.mp4,5.4,0.58,0.68,sideswipe
videos/PVYTq0m-OR0_00.mp4,7.4,0.51,0.73,rear-end
videos/PW_hCnmtgf4_00.mp4,3.3,0.28,0.45,t-bone
videos/PYeSHbpGyn4_00.mp4,9.5,0.55,0.4,t-bone
videos/PaOMI4lZ7UI_00.mp4,3.2,0.48,0.58,t-bone
videos/Pd6Ii4dcaUg_00.mp4,6.5,0.48,0.58,t-bone
videos/PgdU-LSKlZU_00.mp4,4.7,0.62,0.55,t-bone
videos/Pjuu3TEEonY_00.mp4,6.4,0.21,0.21,single
videos/PoPhUbkrq9g_00.mp4,0.5,0.42,0.25,head-on
videos/Pv0z5OwmK-Y_00.mp4,6.3,0.58,0.62,single
videos/PxRDOMjsbE8_00.mp4,5,0.28,0.65,single
videos/PyYCjM8tvSY_00.mp4,2.8,0.48,0.55,sideswipe
videos/Q5YnuRI6QSM_00.mp4,5.1,0.25,0.55,t-bone
videos/Q72Ly8rGtnc_00.mp4,16.2,0.87,0.45,single
videos/Q90j5Irrj9g_00.mp4,4,0.4,0.45,rear-end
videos/QB42gU5X634_00.mp4,3.9,0.52,0.58,single
videos/QE6eIgOY5v8_00.mp4,0.7,0.38,0.45,sideswipe
videos/QE7qzpppF2c_00.mp4,6.1,0.48,0.58,rear-end
videos/QGE0dV-iaSY_00.mp4,3.8,0.58,0.42,t-bone
videos/QGey_zj5Cms_00.mp4,2.5,0.92,0.47,single
videos/QJYDZ1PBiYQ_00.mp4,3.1,0.52,0.58,t-bone
videos/QQ3MyzcyOL4_00.mp4,5.1,0.45,0.5,t-bone
videos/QSPGXxzUXVs_00.mp4,4.2,0.72,0.52,rear-end
videos/QUvymz7GOQc_00.mp4,4.4,0.78,0.57,single
videos/QX2MmlSq2AQ_00.mp4,14.5,0.48,0.62,single
videos/QaJHRtPAQRE_00.mp4,3.6,0.4,0.65,t-bone
videos/QbTAfMWdSN0_00.mp4,8.2,0.45,0.48,t-bone
videos/Qbgh3C8ew2o_00.mp4,5.1,0.4,0.55,t-bone
videos/QeZz4_zmy1I_00.mp4,2,0.15,0.65,rear-end
videos/QfHs3610Fw4_00.mp4,13,0.67,0.51,single
videos/QfxL7R00yJE_00.mp4,3.5,0.52,0.48,rear-end
videos/Qi7voHChFxk_00.mp4,2.8,0.48,0.48,t-bone
videos/QiPUrCmw4xk_00.mp4,7,0.21,0.38,t-bone
videos/QiRF34ZCDBo_00.mp4,8.8,0.18,0.55,single
videos/QiRO0xdhcdY_00.mp4,9.2,0.34,0.78,sideswipe
videos/QmNsR_29zIs_00.mp4,1.4,0.45,0.35,t-bone
videos/QnEqrBCB7Ak_00.mp4,3.2,0.42,0.58,t-bone
videos/QrKQoabj12w_00.mp4,13,0.21,0.38,single
videos/QtrYFnbDjeQ_00.mp4,7.5,0.28,0.45,single
videos/QwFFfl2CNUY_00.mp4,2.2,0.51,0.38,single
videos/QyRcmm87rJ8_00.mp4,5.1,0.6,0.55,t-bone
videos/R29vBQmDFq4_00.mp4,7.5,0.18,0.55,single
videos/R69Y-qYAuis_00.mp4,1.5,0.85,0.55,rear-end
videos/R8HeYWy2-HI_00.mp4,14.5,0.21,0.58,single
videos/R9r3my7Q7po_00.mp4,0.6,0.62,0.38,rear-end
videos/R9u_i3M7YYA_00.mp4,12.1,0.48,0.45,sideswipe
videos/RBriQvW6fa4_00.mp4,13,0.2,0.55,single
videos/RBxSM1800xg_00.mp4,13.7,0.47,0.58,single
videos/RHwcGsU3d08_00.mp4,5.2,0.38,0.57,rear-end
videos/RJWAkvcho-k_00.mp4,2.7,0.52,0.48,t-bone
videos/RK-Btjd1oXs_00.mp4,10.3,0.48,0.38,t-bone
videos/RKxTyn2z-QQ_00.mp4,8.4,0.52,0.58,single
videos/RTPo9EzJ2q4_00.mp4,2,0.85,0.65,rear-end
videos/RWbYqk_RtSE_00.mp4,4.5,0.58,0.68,single
videos/RcjhhMTuVSs_00.mp4,2.8,0.52,0.48,t-bone
videos/RmsH7RavMYM_00.mp4,4.8,0.55,0.55,t-bone
videos/Rnip1LReTsg_00.mp4,1.5,0.38,0.58,single
videos/RoaPLskRqF8_00.mp4,6.3,0.3,0.6,t-bone
videos/RokQ01Hx_Fg_00.mp4,10.4,0.42,0.63,sideswipe
videos/RpeH9OruLwI_00.mp4,1.7,0.48,0.45,t-bone
videos/Rph4qz-nnAY_00.mp4,11.3,0.72,0.42,single
videos/Rsl5cRsKZQ8_00.mp4,5.5,0.38,0.62,sideswipe
videos/Ru94OqVK6Rs_00.mp4,5.5,0.71,0.72,single
videos/RyBUzrZQ0Bc_00.mp4,9,0.75,0.42,t-bone
videos/S166sr07mgA_00.mp4,3.9,0.45,0.65,t-bone
videos/S4pRVJ-We44_00.mp4,9,0.58,0.55,rear-end
videos/S5EyvIwUUU0_00.mp4,7.7,0.38,0.37,t-bone
videos/S7Wa2Cag7ik_00.mp4,4.8,0.51,0.45,t-bone
videos/SA_ZC0qlqdg_00.mp4,2.2,0.5,0.4,t-bone
videos/SBIUNqe_XTk_00.mp4,6.2,0.77,0.63,single
videos/SBTD7z4A1y8_00.mp4,1.6,0.62,0.72,t-bone
videos/SCrgYtvPgzY_00.mp4,16.8,0.93,0.88,single
videos/SDYTt7CqbTE_00.mp4,7.3,0.53,0.48,t-bone
videos/SFQKAmwf-3g_00.mp4,5.8,0.23,0.65,single
videos/SH93O7eHV08_00.mp4,6.4,0.51,0.58,single
videos/SMqZ9jI9TOE_00.mp4,5,0.35,0.45,t-bone
videos/SPC9zwYFzdI_00.mp4,6.2,0.68,0.55,t-bone
videos/SS38UP-0QnU_00.mp4,4.5,0.51,0.51,t-bone
videos/SUK79gpopL0_00.mp4,1,0.47,0.38,single
videos/SUjTl7OifoA_00.mp4,4.3,0.68,0.45,t-bone
videos/SVcqRcsvGak_00.mp4,5,0.42,0.51,rear-end
videos/SWAI7FYPhjc_00.mp4,3.3,0.42,0.58,single
videos/SX6WrzujsNg_00.mp4,6.73,0.58,0.78,single
videos/SYBMrPb8-3Y_00.mp4,16.8,0.78,0.51,single
videos/SZA0u7rLVL4_00.mp4,9.3,0.3,0.5,sideswipe
videos/S_HTEVMQK5g_00.mp4,10.1,0.93,0.65,single
videos/Sb3SaOYjrrs_00.mp4,2.2,0.28,0.58,t-bone
videos/SdeaEkrudys_00.mp4,9.2,0.5,0.4,sideswipe
videos/Sm-U6h1VUYQ_00.mp4,5.1,0.42,0.4,t-bone
videos/Sp7P1vH_ThU_00.mp4,13,0.62,0.28,single
videos/SpJiUTZO9Qg_00.mp4,2.8,0.45,0.65,t-bone
videos/Sq5i3O5yoAY_00.mp4,15,0.48,0.52,sideswipe
videos/SrbylylFcsg_2_00.mp4,0.4,0.7,0.55,t-bone
videos/Sv7nUzdTUDo_00.mp4,3,0.48,0.52,sideswipe
videos/SvX1Ifafid0_00.mp4,9.4,0.21,0.51,single
videos/T0Rkm2Q2e2k_00.mp4,3.9,0.52,0.52,t-bone
videos/T1WbCBVGCHg_0_00.mp4,6.6,0.35,0.55,t-bone
videos/T1WbCBVGCHg_12_00.mp4,8.8,0.68,0.45,single
videos/T1WbCBVGCHg_4_00.mp4,7.2,0.65,0.45,t-bone
videos/T1WbCBVGCHg_8_00.mp4,8.2,0.52,0.55,t-bone
videos/T1g7fA6Ad-g_00.mp4,12,0.62,0.35,sideswipe
videos/T24gWiWxbZs_00.mp4,3,0.28,0.65,t-bone
videos/T4luKRj7Mhg_00.mp4,15.7,0.63,0.38,single
videos/T5396f4sJ5w_00.mp4,9.3,0.87,0.68,single
videos/T5TGAD7ygY8_00.mp4,3.3,0.54,0.45,rear-end
videos/T636miXHz3U_00.mp4,4.4,0.21,0.58,single
videos/TAx0an0Jo84_00.mp4,5.2,0.8,0.45,single
videos/TDlmnB9JOHk_00.mp4,15.5,0.39,0.5,single
videos/THjJUsS8MXk_00.mp4,7.1,0.28,0.65,single
videos/TLjDFutg8mI_00.mp4,1.5,0.45,0.55,rear-end
videos/TPVutn4rHsU_00.mp4,3.2,0.21,0.65,single
videos/TSHPa6dU_yo_00.mp4,0.5,0.58,0.49,t-bone
videos/TWCg8QXjraw_00.mp4,5,0.48,0.62,single
videos/TXZfPbiopOE_00.mp4,4.7,0.51,0.7,rear-end
videos/TY8UXgpfBzU_00.mp4,3,0.38,0.55,t-bone
videos/T_MwU0oQIBs_0_00.mp4,2.5,0.18,0.4,rear-end
videos/TahWBItdUvQ_00.mp4,3.4,0.38,0.38,t-bone
videos/Tb4q9PqHXRc_00.mp4,4.2,0.48,0.62,sideswipe
videos/Tbl7dpfeXl8_00.mp4,15.9,0.38,0.52,single
videos/Tfc5ixuHl3E_00.mp4,6.7,0.48,0.51,t-bone
videos/Th2EbZpLkrk_00.mp4,12.1,0.17,0.68,single
videos/TilBcBFe1gc_00.mp4,5.1,0.42,0.58,t-bone
videos/TizK5BENdVg_00.mp4,13.1,0.33,0.48,single
videos/Tk2ebvISDlk_00.mp4,9.3,0.22,0.31,single
videos/TqwcLiIQq3A_3_00.mp4,13,0.15,0.55,single
videos/TthKPyywzu8_00.mp4,4.7,0.52,0.35,t-bone
videos/TvOF9UpguyM_00.mp4,4.8,0.62,0.58,single
videos/TvPX5q1VvE0_0_00.mp4,4.5,0.62,0.55,t-bone
videos/TvdgqAnb3QM_00.mp4,5,0.42,0.58,sideswipe
videos/TwHVVK-smoQ_00.mp4,2.3,0.58,0.51,sideswipe
videos/Tx7F-6IsLCU_00.mp4,3,0.68,0.65,sideswipe
videos/Tzh_MXLofUI_00.mp4,13.8,0.34,0.43,single
videos/U46ElqUKa_4_00.mp4,6.2,0.38,0.65,rear-end
videos/U53oza5hHEM_00.mp4,1.8,0.6,0.35,rear-end
videos/U9lXW10TLQw_00.mp4,7.9,0.38,0.55,single
videos/UCNyjybsbiU_00.mp4,2.1,0.18,0.65,single
videos/UEXRGvWNta8_0_00.mp4,4.3,0.68,0.72,t-bone
videos/UH2j4IrB2Sg_00.mp4,3.8,0.55,0.45,sideswipe
videos/UUZr6xfWXPg_00.mp4,8.1,0.83,0.45,t-bone
videos/UWgxylOwa5M_00.mp4,4,0.38,0.68,single
videos/UY6g1DtnlGE_00.mp4,6,0.45,0.55,rear-end
videos/UZmfc00aSSQ_00.mp4,9.8,0.21,0.55,single
videos/UarP8qU1S-c_00.mp4,9.2,0.58,0.45,single
videos/UarP8qU1S-c_01.mp4,2.5,0.6,0.45,t-bone
videos/Uc85umAPCc0_00.mp4,3.9,0.78,0.78,t-bone
videos/UcJKeuDYOzc_12_00.mp4,0.6,0.65,0.55,t-bone
videos/UcJKeuDYOzc_15_00.mp4,1.8,0.25,0.35,rear-end
videos/UcJKeuDYOzc_16_00.mp4,5.5,0.38,0.38,sideswipe
videos/UcJKeuDYOzc_19_00.mp4,3.3,0.28,0.52,sideswipe
videos/UcJKeuDYOzc_3_00.mp4,7,0.52,0.48,t-bone
videos/UcJKeuDYOzc_4_00.mp4,1,0.68,0.55,t-bone
videos/UcJKeuDYOzc_6_00.mp4,11,0.68,0.42,t-bone
videos/UcJKeuDYOzc_8_00.mp4,3.9,0.55,0.65,t-bone
videos/UcJKeuDYOzc_9_00.mp4,5.7,0.65,0.45,t-bone
videos/Uf-KkS36dZg_00.mp4,4,0.35,0.55,single
videos/UjEFjnXKXXc_00.mp4,5.5,0.68,0.32,t-bone
videos/UjwqemSQkbQ_00.mp4,12,0.43,0.62,single
videos/UntkxMpwFSY_00.mp4,14.7,0.38,0.65,t-bone
videos/Urin3yuptr8_00.mp4,1,0.92,0.58,single
videos/UrmfisD-cpk_00.mp4,5.5,0.38,0.58,rear-end
videos/V0iWmOFca7w_4_00.mp4,13.3,0.88,0.6,single
videos/V3oNEkBwP7M_00.mp4,13.5,0.62,0.41,single
videos/V57SWCl2WTc_00.mp4,4.3,0.85,0.65,single
videos/V9uox3MIVrA_00.mp4,5,0.72,0.52,single
videos/VLYIKXy1gzg_00.mp4,2.4,0.52,0.58,t-bone
videos/VMOqX7S4IVU_00.mp4,12.5,0.54,0.63,sideswipe
videos/VObOhcls5kI_00.mp4,3.3,0.25,0.3,single
videos/VRayIckJrBs_00.mp4,7.5,0.73,0.41,single
videos/VSNqivMhWnM_00.mp4,7.5,0.55,0.5,t-bone
videos/VVgQuJDBIfU_00.mp4,9.8,0.6,0.5,t-bone
videos/VVgQuJDBIfU_01.mp4,3.7,0.48,0.58,rear-end
videos/VXFyQ2zekTg_00.mp4,2,0.53,0.48,rear-end
videos/VXuNX_OYkig_00.mp4,3.1,0.51,0.62,single
videos/V_2hATv3LNY_00.mp4,15.5,0.83,0.65,single
videos/VbJ0P0Ranrw_00.mp4,5,0.42,0.51,single
videos/Vh13EbZJAiA_00.mp4,12,0.41,0.21,single
videos/Vk8h0fpJgcs_00.mp4,14.5,0.38,0.52,single
videos/VozrseCzhQc_00.mp4,5,0.58,0.48,single
videos/VpQn6ugiG1M_00.mp4,3.9,0.38,0.65,rear-end
videos/VpSREWsYWgY_00.mp4,5,0.48,0.65,rear-end
videos/VsJNApu-LP4_00.mp4,2,0.48,0.52,rear-end
videos/Vtp5G_Z5BZQ_00.mp4,3,0.25,0.45,single
videos/Vtp5G_Z5BZQ_01.mp4,2.5,0.35,0.55,rear-end
videos/VxcFvNWTn6M_00.mp4,5.1,0.4,0.4,head-on
videos/W0KJ7kxqtQo_00.mp4,3.7,0.53,0.55,t-bone
videos/W0qpYlyc-Ws_00.mp4,2.7,0.28,0.72,single
videos/W1YnYuUFxwg_00.mp4,8.1,0.48,0.52,t-bone
videos/W1hVOBEgpJA_00.mp4,5.5,0.62,0.51,rear-end
videos/W5YikE19nkc_00.mp4,13.1,0.6,0.55,sideswipe
videos/W6JG5xVIEHs_00.mp4,11.3,0.45,0.45,head-on
videos/W8B8zo8IFPg_00.mp4,6.5,0.52,0.58,t-bone
videos/WA6hL9bRnNs_00.mp4,4,0.43,0.63,single
videos/WDKy_7gwkwI_00.mp4,3.2,0.83,0.68,single
videos/WFPy6Jpx5iE_00.mp4,5.8,0.51,0.55,t-bone
videos/WR1xUm9CjqY_00.mp4,11.1,0.78,0.38,rear-end
videos/WTz4apKhaQY_00.mp4,5,0.62,0.37,single
videos/WXUOlgOESJ4_00.mp4,5.1,0.28,0.55,sideswipe
videos/WYG0XT9hzQA_00.mp4,8.5,0.58,0.55,t-bone
videos/WagIvmw1jcI_00.mp4,5.9,0.43,0.53,sideswipe
videos/WagIvmw1jcI_01.mp4,2.5,0.35,0.5,sideswipe
videos/WbLH4FMzHeo_00.mp4,5.1,0.43,0.51,sideswipe
videos/WcZTk9VxOJo_00.mp4,2.5,0.52,0.58,sideswipe
videos/WeNSWeu3fe4_00.mp4,2,0.2,0.7,single
videos/WgD4Rf1J8P4_00.mp4,5.4,0.45,0.35,t-bone
videos/WiX5bXnWtXg_00.mp4,1.4,0.22,0.51,rear-end
videos/WigzRPlpVlQ_00.mp4,0.5,0.48,0.52,rear-end
videos/WouBHgQJBM4_00.mp4,5,0.68,0.58,t-bone
videos/WqO5068PPhA_00.mp4,13.5,0.58,0.55,sideswipe
videos/WroDrfySdmc_00.mp4,4,0.68,0.58,t-bone
videos/Wuq6RfJ-yPY_00.mp4,1.5,0.35,0.65,rear-end
videos/WvBtraA2jsA_00.mp4,15.9,0.73,0.38,single
videos/WyJmpozauFo_00.mp4,4.2,0.58,0.38,sideswipe
videos/X-S19mWQG9s_00.mp4,5.5,0.61,0.37,single
videos/X09_GoSwRR0_00.mp4,15,0.65,0.65,single
videos/X0SCL-_zJ3o_00.mp4,12,0.47,0.5,single
videos/X0xzhXbBngE_00.mp4,8.8,0.58,0.52,t-bone
videos/X59Tadp1bjg_00.mp4,6.5,0.28,0.43,single
videos/X5RwksTFZW8_00.mp4,1.2,0.65,0.55,single
videos/X6sdr4NzEdU_00.mp4,1,0.48,0.52,t-bone
videos/X8JXbRxpKk0_00.mp4,5,0.48,0.65,single
videos/X9mDWoU5gq0_00.mp4,2.5,0.45,0.55,rear-end
videos/XAxaY7MPnms_00.mp4,3,0.58,0.48,sideswipe
videos/XBOz63PuSvE_00.mp4,13.5,0.8,0.65,sideswipe
videos/XESYC4RcqGQ_00.mp4,5,0.38,0.58,rear-end
videos/XESYC4RcqGQ_01.mp4,9.5,0.42,0.55,t-bone
videos/XESYC4RcqGQ_02.mp4,3.4,0.45,0.48,t-bone
videos/XESYC4RcqGQ_03.mp4,4.5,0.58,0.55,t-bone
videos/XESYC4RcqGQ_04.mp4,4.8,0.42,0.55,t-bone
videos/XGmx0mhtM_A_00.mp4,7,0.68,0.52,t-bone
videos/XI9xhHUOo5o_00.mp4,12.3,0.78,0.78,single
videos/XLGAfvkvHO0_00.mp4,2.2,0.85,0.65,single
videos/XOA5P6Ph6kY_00.mp4,3.8,0.55,0.65,rear-end
videos/XOIVTT7Fn9U_00.mp4,7.5,0.58,0.45,rear-end
videos/XPErIB4xgYg_00.mp4,2,0.67,0.38,sideswipe
videos/XPqOWbSVgbk_00.mp4,13,0.42,0.45,single
videos/XSgpMS9s9B8_00.mp4,2.5,0.45,0.65,rear-end
videos/XSgpMS9s9B8_01.mp4,13.7,0.48,0.72,single
videos/XTAIiEEE8dU_00.mp4,13.5,0.3,0.5,single
videos/XaN99SF-mAo_00.mp4,13.3,0.85,0.65,single
videos/XaqA-uzqeNc_00.mp4,2.3,0.25,0.55,single
videos/Xb0mQCFP8_o_00.mp4,12,0.83,0.32,single
videos/XbW5qJKc8O8_00.mp4,4.3,0.62,0.65,t-bone
videos/XdFylnj-1B4_00.mp4,4.5,0.48,0.45,sideswipe
videos/Xdpsr1GVl4U_00.mp4,6.5,0.7,0.7,t-bone
videos/Xe9CoVqpv9c_2_00.mp4,6,0.65,0.35,t-bone
videos/XqNrTjSsGrg_00.mp4,4.2,0.19,0.45,single
videos/XtJodwSF_lQ_00.mp4,6.2,0.48,0.68,rear-end
videos/Xu1KsH1j2iQ_11_00.mp4,6.5,0.35,0.5,single
videos/Xu1KsH1j2iQ_1_00.mp4,4.3,0.68,0.58,t-bone
videos/Xu_5PuNK6Mc_00.mp4,2,0.48,0.65,single
videos/Xy3P5EhdZ7k_00.mp4,6,0.7,0.55,t-bone
videos/Y0_pbJCqL6k_00.mp4,12.9,0.65,0.25,single
videos/Y3OQspLTLok_00.mp4,4.2,0.41,0.57,rear-end
videos/Y4QHUzvOwwQ_00.mp4,13.5,0.28,0.38,single
videos/Y5oIfasCYJM_00.mp4,1,0.48,0.38,t-bone
videos/YBr96os6PvE_00.mp4,7.8,0.47,0.48,sideswipe
videos/YD-7Fnztg_4_00.mp4,0.5,0.41,0.78,single
videos/YDret7_VHUQ_00.mp4,2,0.52,0.51,t-bone
videos/YGBuLu9t4Ts_00.mp4,4.2,0.58,0.57,rear-end
videos/YObeSti3p2M_00.mp4,7.1,0.28,0.45,single
videos/YP7fpPBpqis_00.mp4,5.7,0.24,0.63,single
videos/YQG_FvZM9pg_00.mp4,6.5,0.48,0.48,t-bone
videos/YQxqeP2Q_-M_00.mp4,5.5,0.5,0.45,t-bone
videos/YTOvt3Ac1z4_0_00.mp4,9.5,0.28,0.55,sideswipe
videos/YWFPaOR1CZc_00.mp4,3.1,0.45,0.55,rear-end
videos/YXRvo8IOyUM_00.mp4,1.6,0.85,0.55,t-bone
videos/YXj8m_rAyaE_00.mp4,11.2,0.57,0.52,t-bone
videos/YYgdkr0Qiw0_00.mp4,0.7,0.5,0.5,t-bone
videos/YaMXFpSYjOk_00.mp4,9,0.38,0.45,sideswipe
videos/Yf9mgizvxiE_00.mp4,5.5,0.48,0.65,single
videos/YhXaFioaBfI_00.mp4,7.1,0.57,0.43,sideswipe
videos/YiQToVQInNw_00.mp4,2.5,0.45,0.55,t-bone
videos/YigXRe0SDos_00.mp4,6.7,0.92,0.78,single
videos/YkEtYW_U1IY_00.mp4,6,0.53,0.62,rear-end
videos/YkJBdoMtBfU_00.mp4,6,0.32,0.58,single
videos/YkJBdoMtBfU_01.mp4,13,0.22,0.32,single
videos/YlhV3d6sFhY_00.mp4,18.55,0.73,0.58,t-bone
videos/Yllfxm5QxVE_00.mp4,2,0.85,0.45,single
videos/YmMM4JeUJJ0_00.mp4,10,0.5,0.5,single
videos/YmswRbkR2YA_00.mp4,3,0.52,0.55,rear-end
videos/YnYUC6nonG8_00.mp4,15.2,0.84,0.78,single
videos/YrKYYuQHW9M_00.mp4,11.2,0.53,0.5,t-bone
videos/YsyVUKTZgpo_00.mp4,1.1,0.35,0.65,rear-end
videos/YtKuNIcpvlY_0_00.mp4,8.1,0.38,0.65,single
videos/YueG1zLkV8o_00.mp4,1.98,0.58,0.55,sideswipe
videos/YueG1zLkV8o_01.mp4,1.4,0.4,0.4,rear-end
videos/YueG1zLkV8o_02.mp4,5.1,0.51,0.23,single
videos/Ywhp-yEW60k_00.mp4,3,0.43,0.42,sideswipe
videos/YwqAnRgRntg_00.mp4,5.5,0.28,0.52,single
videos/YyJF_uXryNs_00.mp4,9.6,0.25,0.32,t-bone
videos/YyJF_uXryNs_01.mp4,3,0.68,0.51,sideswipe
videos/Z0GQkjeJ28s_00.mp4,4.4,0.41,0.55,t-bone
videos/Z3VF85Ibvc8_00.mp4,5.5,0.78,0.45,t-bone
videos/Z3s9Wv38oRc_00.mp4,8.2,0.4,0.3,sideswipe
videos/Z4kg2Ev3vhk_00.mp4,14.3,0.7,0.35,single
videos/Z52L6jGdSkY_0_00.mp4,0.6,0.6,0.55,t-bone
videos/Z52L6jGdSkY_10_00.mp4,2.7,0.72,0.52,t-bone
videos/Z52L6jGdSkY_11_00.mp4,0.6,0.65,0.55,t-bone
videos/Z52L6jGdSkY_12_00.mp4,1.4,0.6,0.5,t-bone
videos/Z52L6jGdSkY_14_00.mp4,1.4,0.52,0.58,sideswipe
videos/Z52L6jGdSkY_15_00.mp4,2.5,0.78,0.52,single
videos/Z52L6jGdSkY_3_00.mp4,2.5,0.7,0.5,t-bone
videos/Z52L6jGdSkY_6_00.mp4,1,0.65,0.55,t-bone
videos/Z52L6jGdSkY_7_00.mp4,2,0.72,0.48,t-bone
videos/Z52L6jGdSkY_8_00.mp4,1.2,0.45,0.55,t-bone
videos/Z52L6jGdSkY_9_00.mp4,1.4,0.45,0.55,t-bone
videos/ZAVsunMOapQ_00.mp4,14,0.58,0.68,single
videos/ZDbR2jCDXjM_00.mp4,13,0.51,0.58,single
videos/ZDiU58ZiXTk_00.mp4,5.2,0.48,0.45,t-bone
videos/ZFYfE3_Nz5o_00.mp4,7.5,0.51,0.38,single
videos/ZGDoRBiCxEA_00.mp4,10.5,0.4,0.7,rear-end
videos/ZQ4epUNXIYU_00.mp4,5.1,0.68,0.38,t-bone
videos/ZQOzzKybkTA_00.mp4,11.7,0.32,0.63,single
videos/ZQU-7hSIJ-s_00.mp4,5.8,0.62,0.58,sideswipe
videos/ZSgfKfHNOb8_00.mp4,5.1,0.28,0.53,single
videos/ZTLYOhzf8Jw_00.mp4,4.2,0.53,0.58,rear-end
videos/ZVFTg3X2Acc_00.mp4,3.3,0.38,0.58,t-bone
videos/ZZM8_m1ngcc_00.mp4,13.9,0.45,0.65,single
videos/Z_GJQ1KrRJw_00.mp4,15.5,0.38,0.51,single
videos/ZftLPdDo5K8_00.mp4,13.5,0.33,0.55,sideswipe
videos/ZkHzHo_PvIM_00.mp4,2.2,0.55,0.65,t-bone
videos/ZoffyoNXhOo_00.mp4,8.2,0.42,0.48,rear-end
videos/Zp5xCOo7DSE_00.mp4,11,0.52,0.38,single
videos/Zq0TjWFlXQI_00.mp4,5,0.38,0.52,rear-end
videos/ZsPhpxb8OTM_00.mp4,7.5,0.6,0.7,sideswipe
videos/ZsVOhyuD0sQ_00.mp4,9.1,0.37,0.48,rear-end
videos/Zt2cNzpQIZc_00.mp4,3.2,0.4,0.45,t-bone
videos/ZvegJ-6a3ow_00.mp4,4.5,0.5,0.35,single
videos/Zw3DbNY6ZpE_00.mp4,5.3,0.51,0.41,head-on
videos/ZyHloKpLTDs_00.mp4,13.5,0.73,0.43,single
videos/_-XReeuhpiE_00.mp4,3.8,0.4,0.45,single
videos/_0RDZgCKPGo_00.mp4,5.2,0.38,0.62,single
videos/_5e--tkpUck_00.mp4,13,0.33,0.65,single
videos/_75B7Y8QaX0_00.mp4,3.5,0.48,0.65,sideswipe
videos/_9tp71S2Gwg_00.mp4,4.1,0.38,0.28,sideswipe
videos/_9zrXENlky0_00.mp4,3.5,0.48,0.45,single
videos/_Bm8NYVbTN4_00.mp4,3,0.65,0.55,rear-end
videos/_BvchcqS_KQ_00.mp4,6.5,0.8,0.4,t-bone
videos/_DbmvhywZZ8_00.mp4,11.5,0.28,0.65,sideswipe
videos/_Etcfb7cUH8_00.mp4,7.5,0.41,0.65,t-bone
videos/_FjROQyb1C8_1_00.mp4,3.6,0.58,0.4,head-on
videos/_GY8RpsMk9o_00.mp4,13.2,0.51,0.51,single
videos/_KmJLS_TJKY_00.mp4,13,0.48,0.42,single
videos/_NywzqOXZGE_00.mp4,2.8,0.45,0.55,single
videos/_SK-OKBNWj0_00.mp4,6,0.65,0.45,single
videos/__WFqm4i3vE_00.mp4,11.3,0.47,0.48,single
videos/_gv4lL1EPKU_00.mp4,10.3,0.43,0.35,t-bone
videos/_hJdTE1wHoI_00.mp4,8.1,0.28,0.62,single
videos/_j_q79xO2ug_00.mp4,42.2,0.18,0.35,single
videos/_ky1Mxj5bQY_00.mp4,2.8,0.45,0.65,t-bone
videos/_lcVYPMK8RY_00.mp4,13.5,0.42,0.38,t-bone
videos/_wf9h2X_uU0_00.mp4,3.4,0.47,0.51,t-bone
videos/a3T2DygvH4w_00.mp4,5.3,0.84,0.58,sideswipe
videos/a5AAO2Kcnhg_00.mp4,8.4,0.55,0.45,head-on
videos/a5_Q39h5LM4_00.mp4,13.2,0.35,0.62,single
videos/a8-i2E4jrpk_00.mp4,5.1,0.42,0.48,rear-end
videos/a8-i2E4jrpk_01.mp4,10.5,0.67,0.38,single
videos/a8zHkZ_t16k_00.mp4,15.4,0.61,0.52,single
videos/a9U54ImNK2M_00.mp4,15.7,0.82,0.47,single
videos/aD4MQN4ZM18_00.mp4,4.5,0.18,0.52,t-bone
videos/aDBb3QMnKZc_00.mp4,5.3,0.28,0.32,t-bone
videos/aERiIg9Dts4_00.mp4,3.7,0.51,0.63,single
videos/aF2Hbp8C23A_00.mp4,3.3,0.25,0.52,single
videos/aLrHglJ_H6o_00.mp4,6.5,0.48,0.45,single
videos/aMOOElIYyiU_00.mp4,10.9,0.65,0.65,sideswipe
videos/aP-xY6fjndg_00.mp4,6.4,0.38,0.48,t-bone
videos/aPXUOJ6X43E_00.mp4,3.5,0.55,0.55,single
videos/aPavFeAFhnk_00.mp4,3.9,0.68,0.38,t-bone
videos/aPenMcX0LNY_00.mp4,10.5,0.58,0.72,sideswipe
videos/aPsS_HaokoU_00.mp4,16.7,0.5,0.65,single
videos/aQRTpyTLTV0_00.mp4,9,0.72,0.38,single
videos/aRQeSqO9Ri4_00.mp4,13.2,0.43,0.63,rear-end
videos/aTlLIoo3nCE_00.mp4,0.6,0.82,0.48,sideswipe
videos/aUvorQJ7jRU_00.mp4,2,0.35,0.55,rear-end
videos/aW7LYUp_0ig_00.mp4,16.5,0.72,0.63,single
videos/acmBtouCwIU_00.mp4,6.2,0.73,0.58,t-bone
videos/adNfN1i5mXs_00.mp4,6.2,0.12,0.55,single
videos/afVZZ3v87cc_00.mp4,2.8,0.48,0.52,t-bone
videos/ahyVT91vv8c_00.mp4,2.2,0.51,0.63,single
videos/ajxUuxbpAVQ_00.mp4,10.8,0.51,0.45,sideswipe
videos/aliCOjgqdfU_00.mp4,5.6,0.68,0.68,rear-end
videos/ao3VuM_p4_8_00.mp4,12.7,0.35,0.78,single
videos/at2_tQSDlKg_00.mp4,7.2,0.71,0.48,rear-end
videos/aw8RbjIaKKA_00.mp4,5,0.28,0.58,rear-end
videos/b2FAuGPoivk_00.mp4,2.8,0.45,0.55,t-bone
videos/b9pzQFB39ZU_00.mp4,11,0.51,0.45,rear-end
videos/bCQ6OCJYKw0_00.mp4,7,0.38,0.62,single
videos/bDLOyLAi51k_00.mp4,7,0.33,0.31,single
videos/bEwsn-J8API_00.mp4,5,0.67,0.55,single
videos/bI_W3ZOeuUM_00.mp4,7.5,0.45,0.58,single
videos/bJMc3sNP2AU_00.mp4,6,0.83,0.25,single
videos/bKrsJSxuQZg_00.mp4,2.8,0.38,0.42,rear-end
videos/bMFK3B5qPiE_00.mp4,11.7,0.28,0.62,sideswipe
videos/bSZkOI7eF8k_1_00.mp4,3,0.48,0.58,sideswipe
videos/bSZkOI7eF8k_2_00.mp4,10.8,0.38,0.58,t-bone
videos/bSZkOI7eF8k_3_00.mp4,6.2,0.48,0.48,t-bone
videos/bSZkOI7eF8k_4_00.mp4,1.4,0.78,0.52,t-bone
videos/bSZkOI7eF8k_7_00.mp4,2,0.58,0.52,t-bone
videos/bSq7XtY629s_00.mp4,7.9,0.78,0.48,t-bone
videos/bUn3nfDgLEs_00.mp4,5.1,0.23,0.75,t-bone
videos/bXaAw1730zE_0_00.mp4,3.1,0.39,0.45,t-bone
videos/bZp0v_Xt8EU_00.mp4,14,0.61,0.53,single
videos/bb7h-E9S_xE_00.mp4,1.9,0.48,0.52,t-bone
videos/bcuWtCE-SnE_00.mp4,0.6,0.48,0.68,rear-end
videos/be0m9oxCN98_00.mp4,13.5,0.42,0.38,t-bone
videos/begSCBJgT4o_00.mp4,3.5,0.58,0.55,sideswipe
videos/bn7c9LxpeuA_00.mp4,11,0.32,0.72,single
videos/bow1eKeR6oY_00.mp4,5.1,0.48,0.58,rear-end
videos/br57It5-6lM_00.mp4,2.4,0.6,0.3,rear-end
videos/bsvWhFHgta8_00.mp4,5.6,0.3,0.58,sideswipe
videos/bw6JUt3iQls_00.mp4,13,0.45,0.4,single
videos/bwW_wL4TwZg_1_00.mp4,1.7,0.75,0.45,single
videos/bwW_wL4TwZg_2_00.mp4,1.5,0.58,0.5,single
videos/bys_qghQe0w_00.mp4,3.4,0.48,0.38,t-bone
videos/bys_qghQe0w_01.mp4,4.3,0.17,0.42,rear-end
videos/bys_qghQe0w_02.mp4,7.5,0.45,0.35,t-bone
videos/bys_qghQe0w_03.mp4,6.2,0.72,0.45,t-bone
videos/bzNkUstnRMM_00.mp4,4.2,0.71,0.58,t-bone
videos/c-nmxpXGBaA_00.mp4,11.2,0.68,0.65,single
videos/c2-5uzj1W5k_00.mp4,4.2,0.58,0.52,sideswipe
videos/c2lwfGKeaQU_00.mp4,1.3,0.65,0.45,t-bone
videos/c3B2ddiaBcQ_00.mp4,16,0.72,0.68,single
videos/c4exlXawFaM_00.mp4,15.7,0.58,0.51,single
videos/c8wyblfra3o_00.mp4,3.8,0.48,0.42,single
videos/cBZ3KswoFZY_00.mp4,2.8,0.42,0.52,single
videos/cCofNt_oBE8_00.mp4,13,0.53,0.42,rear-end
videos/cF1M5Rhn8Zs_00.mp4,5.2,0.38,0.42,rear-end
videos/cFpwh4gBvDc_00.mp4,5.4,0.28,0.68,single
videos/cHJRsctghpY_00.mp4,4.4,0.38,0.52,t-bone
videos/cPyZuPSQrkI_00.mp4,8.1,0.68,0.68,t-bone
videos/cSCM3PYMKRo_00.mp4,12.2,0.7,0.45,sideswipe
videos/cSCM3PYMKRo_01.mp4,12.3,0.73,0.45,single
videos/cTv27dfHJKM_00.mp4,13.1,0.58,0.55,single
videos/cVil8sERLjg_00.mp4,4.4,0.42,0.21,single
videos/cYmWOy46zF8_00.mp4,4.2,0.52,0.48,t-bone
videos/cYwpWiiwZro_00.mp4,5.2,0.82,0.65,single
videos/cZkJ009T8mU_00.mp4,3.5,0.61,0.51,single
videos/cZo9DI6DSIY_00.mp4,1.8,0.6,0.45,sideswipe
videos/cZo9DI6DSIY_01.mp4,6.1,0.22,0.58,t-bone
videos/cZo9DI6DSIY_02.mp4,16,0.55,0.45,rear-end
videos/cZo9DI6DSIY_03.mp4,3.5,0.53,0.58,t-bone
videos/cZqLDOqM9TM_00.mp4,3.1,0.62,0.45,sideswipe
videos/c_fIpDR79Wo_00.mp4,6.4,0.28,0.52,t-bone
videos/c_u8oPMBGEI_00.mp4,6.5,0.73,0.41,t-bone
videos/c_u8oPMBGEI_01.mp4,5.3,0.24,0.33,rear-end
videos/c_u8oPMBGEI_02.mp4,4,0.58,0.42,single
videos/cdKTiLurgOI_00.mp4,9.1,0.35,0.58,rear-end
videos/clXKxQWjB4c_00.mp4,11,0.5,0.5,single
videos/coukijt9MpI_00.mp4,1,0.35,0.45,sideswipe
videos/cvITZqgCI3M_00.mp4,6,0.22,0.48,t-bone
videos/czn7oGEwENs_00.mp4,2.5,0.48,0.35,single
videos/d0uvO8FDM6U_00.mp4,5.8,0.51,0.47,single
videos/dCV66Y9tV1s_00.mp4,11.5,0.72,0.48,sideswipe
videos/dEINXAEIQjA_00.mp4,3,0.75,0.58,single
videos/dEqwcxeYJw4_00.mp4,18.9,0.51,0.4,sideswipe
videos/dGUCJwW8b1g_00.mp4,3.5,0.58,0.52,sideswipe
videos/dHWTcKj5oY4_00.mp4,7.1,0.3,0.55,t-bone
videos/dI-ueIMSLZQ_00.mp4,12,0.32,0.45,rear-end
videos/dIbxWir400s_00.mp4,6.5,0.45,0.65,rear-end
videos/dMUTwvfgKFQ_00.mp4,10,0.52,0.58,t-bone
videos/dO_jtPluv5Q_00.mp4,14,0.32,0.58,single
videos/dPXXrFXPqGc_00.mp4,1.5,0.65,0.55,t-bone
videos/dQ0ao_Yu7II_00.mp4,2.5,0.48,0.55,rear-end
videos/dVgyJhT1tiQ_00.mp4,4.5,0.61,0.43,sideswipe
videos/dW7rp-cXNMY_00.mp4,1.8,0.52,0.48,sideswipe
videos/dZ-F8lZ16-A_00.mp4,1.7,0.42,0.21,single
videos/dbIlU1q8lfM_00.mp4,3.3,0.65,0.55,t-bone
videos/deUf0-ljSIs_00.mp4,5.3,0.68,0.55,single
videos/dfEFaPk-2-Y_00.mp4,7.5,0.55,0.5,head-on
videos/dgWpyczEx7U_00.mp4,7.1,0.45,0.65,t-bone
videos/diYHDL2G4KA_00.mp4,5,0.62,0.65,t-bone
videos/djlikkK0NnM_00.mp4,3.6,0.47,0.52,t-bone
videos/dmwcqNAuZcM_1_00.mp4,26,0.65,0.45,single
videos/dn0Au-EvKJI_00.mp4,3.2,0.15,0.35,t-bone
videos/dpwGsUssZeE_00.mp4,6,0.52,0.68,t-bone
videos/dyMWcSQGi0g_00.mp4,8.6,0.48,0.68,sideswipe
videos/e17Wq4Hpqlk_00.mp4,1.2,0.68,0.45,t-bone
videos/e17Wq4Hpqlk_01.mp4,1.1,0.38,0.42,t-bone
videos/e17Wq4Hpqlk_02.mp4,0.6,0.5,0.5,t-bone
videos/e5KS6Gffb3A_00.mp4,15.5,0.61,0.48,t-bone
videos/e6ZQvn6NyLI_00.mp4,4.8,0.48,0.52,rear-end
videos/eQ1QDZ811c0_00.mp4,2.2,0.45,0.55,t-bone
videos/eQ8yX8V88l8_00.mp4,3.4,0.38,0.58,t-bone
videos/eQvvIoDMXzY_00.mp4,7.2,0.45,0.58,single
videos/eQvvIoDMXzY_01.mp4,6.5,0.23,0.38,single
videos/eSs-IaQJQtc_00.mp4,10.5,0.45,0.55,t-bone
videos/eTF4L0hxKtI_00.mp4,6.2,0.72,0.58,single
videos/eUAbFjZa1MI_00.mp4,3.5,0.68,0.68,t-bone
videos/eZGqsmnXpHQ_00.mp4,3.4,0.43,0.55,single
videos/e__4RhcKov4_00.mp4,10.2,0.68,0.42,t-bone
videos/eaAiEUwvy20_00.mp4,5.2,0.63,0.62,t-bone
videos/ebEA6IpCT5w_00.mp4,1.5,0.32,0.58,sideswipe
videos/ebiX-_CCMSA_00.mp4,0.5,0.33,0.52,rear-end
videos/ed96OpSybeQ_00.mp4,5,0.6,0.45,t-bone
videos/efXT6-Z1BGg_00.mp4,14.4,0.5,0.5,single
videos/egyW5DsK8BQ_00.mp4,4.6,0.28,0.57,single
videos/eilpGahN9JI_00.mp4,3.4,0.68,0.52,rear-end
videos/ej0GaDepmoQ_00.mp4,1.3,0.65,0.35,single
videos/emZJVcNK-q4_00.mp4,9,0.73,0.6,single
videos/eqwBLPxQ0z0_00.mp4,5.2,0.83,0.72,rear-end
videos/exMp0HFGLFY_00.mp4,2.8,0.78,0.7,t-bone
videos/fEijKQwtcD4_00.mp4,5.3,0.58,0.45,t-bone
videos/fEprGEfHTZE_00.mp4,3,0.12,0.58,t-bone
videos/fFxTIUK_Ju0_00.mp4,4.1,0.48,0.55,t-bone
videos/fHoZ2_uzu_k_00.mp4,2,0.62,0.58,single
videos/fIwRdglX1WE_00.mp4,2.5,0.32,0.58,single
videos/fJxVsTAIK5Y_00.mp4,13.4,0.5,0.7,single
videos/fK5Y7gMh21c_00.mp4,4.3,0.91,0.55,t-bone
videos/fK7DAi8Ybvc_00.mp4,9,0.22,0.65,sideswipe
videos/fLdSFP_8PJ4_00.mp4,2.5,0.45,0.55,t-bone
videos/fNoqwaXAqeA_00.mp4,7,0.38,0.38,rear-end
videos/fVIMQD0Bo2M_00.mp4,7.5,0.52,0.48,rear-end
videos/fYUPTfVRKEk_00.mp4,2.2,0.25,0.35,rear-end
videos/fZfs2l5bv2Q_00.mp4,5.2,0.52,0.65,t-bone
videos/fbkRjY737QE_00.mp4,4.8,0.43,0.38,head-on
videos/fcJD3Xt4zzA_00.mp4,3.1,0.52,0.48,t-bone
videos/fcc1sGDTQLM_00.mp4,2,0.6,0.4,single
videos/fd3l6Z3OSXE_00.mp4,6.1,0.38,0.58,t-bone
videos/fgI4vUtP_1I_00.mp4,1.8,0.53,0.6,single
videos/fgsiojBKfKY_00.mp4,16.1,0.5,0.5,single
videos/fhZ9Mb-Ps3M_00.mp4,8.1,0.23,0.43,rear-end
videos/ftk_fSc4haM_00.mp4,6,0.72,0.38,t-bone
videos/fvnovsPGazc_00.mp4,5.7,0.43,0.41,rear-end
videos/fxiCDDZx2YM_00.mp4,4,0.55,0.65,single
videos/fy1ZkNZQhWA_00.mp4,4,0.83,0.58,single
videos/fy1ZkNZQhWA_01.mp4,3.5,0.45,0.65,sideswipe
videos/fy1ZkNZQhWA_02.mp4,6.2,0.73,0.51,single
videos/fy1ZkNZQhWA_03.mp4,2.19,0.12,0.38,single
videos/fzWY0vLAXzI_00.mp4,4.3,0.4,0.4,t-bone
videos/g-JnlWPEZd4_00.mp4,7.3,0.62,0.51,t-bone
videos/g1vKgJ9RN8c_00.mp4,7.1,0.62,0.38,t-bone
videos/g59nWt3t9ZM_00.mp4,1.2,0.88,0.58,single
videos/g9P2Y9bwPQQ_00.mp4,4.3,0.53,0.51,t-bone
videos/gACmlFi5x0A_00.mp4,5.8,0.68,0.52,sideswipe
videos/gDCiYQjLeEE_00.mp4,5,0.55,0.35,sideswipe
videos/gKNkwyn6a-o_00.mp4,5.2,0.72,0.51,t-bone
videos/gRuYZISmQ3k_00.mp4,8.3,0.48,0.45,sideswipe
videos/gS2xiB7q7sk_00.mp4,13,0.68,0.38,single
videos/gVXvlSSUr88_00.mp4,6.7,0.12,0.38,single
videos/gXDhzlVtCXI_00.mp4,8.2,0.38,0.58,t-bone
videos/gZdaWZGFUs4_00.mp4,4.2,0.63,0.45,t-bone
videos/g_x7gdvFBWk_00.mp4,5,0.25,0.55,t-bone
videos/ga0JEJ0fnGY_00.mp4,3,0.45,0.45,head-on
videos/gbM45Kpz814_00.mp4,2,0.65,0.55,rear-end
videos/gcbYjCgvbFc_00.mp4,5.3,0.52,0.38,t-bone
videos/ggSUG42G9YE_00.mp4,3.1,0.78,0.65,single
videos/gi01QYHz8-E_00.mp4,3,0.35,0.45,rear-end
videos/gkyJ3CwetQY_00.mp4,4.4,0.38,0.58,rear-end
videos/glkdKMzVzkM_00.mp4,15.7,0.1,0.47,single
videos/gmz3d4kegRk_00.mp4,12.5,0.42,0.5,single
videos/gnyMlVu3LzY_00.mp4,2.1,0.78,0.55,t-bone
videos/gpRtEfxMkYc_00.mp4,11,0.41,0.35,rear-end
videos/gp_9zTMpVrs_00.mp4,15.5,0.48,0.58,t-bone
videos/gtKsxCrjJ2Q_00.mp4,6.2,0.41,0.53,rear-end
videos/gwHMR2FEVKA_00.mp4,13.3,0.1,0.6,single
videos/gzu1NnmXMuY_00.mp4,9.8,0.25,0.75,single
videos/h50TQ3i9k5I_0_00.mp4,3.2,0.45,0.45,t-bone
videos/h50TQ3i9k5I_2_00.mp4,6,0.67,0.31,t-bone
videos/h5WtldZ9-68_00.mp4,7.6,0.25,0.85,single
videos/h7MY4vNQ2Ak_00.mp4,5.5,0.58,0.47,t-bone
videos/h9aw9Upkwx4_00.mp4,3.8,0.65,0.55,sideswipe
videos/h9vCRW9MVKI_00.mp4,13,0.65,0.38,single
videos/hAaMPL2ieyE_00.mp4,2.8,0.1,0.6,rear-end
videos/hFaYR4zsGzA_00.mp4,9.5,0.65,0.45,t-bone
videos/hHLYbcQzL0U_00.mp4,6.4,0.87,0.55,rear-end
videos/hJJlducz7aE_00.mp4,10,0.42,0.53,single
videos/hN69Cb16naw_00.mp4,2.2,0.48,0.53,t-bone
videos/hQJqYD_MpRw_00.mp4,4.2,0.55,0.55,t-bone
videos/hQVkdwPxafw_00.mp4,11.2,0.43,0.58,sideswipe
videos/hSt-aJwZqsY_2_00.mp4,2.9,0.57,0.57,t-bone
videos/hSt-aJwZqsY_3_00.mp4,4.1,0.78,0.63,t-bone
videos/hT1Hz_gFnBs_00.mp4,4.6,0.72,0.68,t-bone
videos/hYuubWpYtrI_00.mp4,0.5,0.57,0.48,rear-end
videos/hdyWKrR5uCk_00.mp4,4,0.7,0.55,single
videos/hdyWKrR5uCk_01.mp4,2.2,0.35,0.4,t-bone
videos/hgm6sQUl8Yg_00.mp4,1.3,0.38,0.5,single
videos/hiBY1OLw4RQ_00.mp4,7.6,0.5,0.5,single
videos/hs-_vD6T78s_00.mp4,13.6,0.45,0.55,single
videos/ht0QCYJRWXc_00.mp4,1.6,0.58,0.6,single
videos/hyZ-ZbPYabo_00.mp4,7.5,0.42,0.58,t-bone
videos/hzxEJZNwy6s_00.mp4,2,0.38,0.58,sideswipe
videos/i09Z9tesnac_00.mp4,1.3,0.38,0.65,single
videos/i3WeiV3H_aQ_00.mp4,10.8,0.72,0.62,single
videos/i62_ZJJeR-Y_00.mp4,2,0.45,0.55,t-bone
videos/iA_u73BG4ZM_00.mp4,16,0.48,0.55,single
videos/iAsAPYpjkS8_00.mp4,3.7,0.62,0.68,single
videos/iKor62WhYgc_00.mp4,5,0.35,0.65,t-bone
videos/iKpoAkiKqjw_00.mp4,3,0.44,0.51,single
videos/iOQcKQHd1og_00.mp4,5.1,0.53,0.78,single
videos/iQbsvy9KGC8_00.mp4,7.8,0.24,0.32,rear-end
videos/iXbPXFRanm4_00.mp4,4,0.68,0.52,t-bone
videos/iYAIZEocjbg_00.mp4,13.2,0.45,0.55,t-bone
videos/iYmL1rEyiqE_00.mp4,7.2,0.11,0.58,single
videos/idAIp622PoY_00.mp4,8.7,0.35,0.45,rear-end
videos/ieFXAiS97A0_1_00.mp4,4.8,0.35,0.55,t-bone
videos/ieFXAiS97A0_5_00.mp4,5,0.48,0.45,t-bone
videos/ifCSaYvb0JA_00.mp4,10.1,0.52,0.53,rear-end
videos/ig4k6LEEMy0_00.mp4,9,0.62,0.78,t-bone
videos/iguVq1mMWKg_00.mp4,6,0.51,0.62,rear-end
videos/iiBMFJqcrGY_00.mp4,12.8,0.22,0.57,single
videos/inJcKZ42Ovc_00.mp4,10.1,0.38,0.52,rear-end
videos/irYEjSeXzAM_00.mp4,12.1,0.38,0.62,single
videos/jBUe4pPfIEg_00.mp4,15.5,0.51,0.31,single
videos/jBZOG3jhKp4_00.mp4,4.5,0.45,0.55,head-on
videos/jCoAyWsIyv8_00.mp4,16.6,0.97,0.82,single
videos/jD8ybdMZOU8_00.mp4,6.2,0.62,0.51,t-bone
videos/jF_WIm0oxLc_00.mp4,14.2,0.13,0.51,single
videos/jFpORnj_-cI_00.mp4,2.2,0.3,0.5,sideswipe
videos/jHJ3Sfhg4HA_00.mp4,6.5,0.63,0.51,t-bone
videos/jI0_0zPf6BQ_00.mp4,5.4,0.5,0.3,single
videos/jJ4IJnInYnE_00.mp4,2.5,0.52,0.55,rear-end
videos/jNwobbqjKiE_00.mp4,13.6,0.51,0.63,t-bone
videos/jNzHFeCP2DU_00.mp4,3.4,0.52,0.68,t-bone
videos/jPM0jwxK2W8_00.mp4,3.5,0.7,0.35,single
videos/jPTJZRBPQgc_00.mp4,1.7,0.35,0.55,sideswipe
videos/jT5Kpwh7mBE_00.mp4,3.3,0.73,0.51,t-bone
videos/jTOB7nAs2HE_00.mp4,8.5,0.54,0.57,single
videos/jWFyAaY7r8E_00.mp4,2.3,0.6,0.25,t-bone
videos/jYai-crKZx8_00.mp4,0.7,0.32,0.45,sideswipe
videos/ja62cRF2tbQ_00.mp4,2.8,0.48,0.52,sideswipe
videos/jaCr2wkcYJ8_00.mp4,14.8,0.58,0.65,single
videos/jbfxAh30dDc_00.mp4,4.4,0.31,0.57,sideswipe
videos/jc-fa_AjIXw_00.mp4,13.5,0.51,0.31,single
videos/jecwwv5-8Q0_00.mp4,2.4,0.28,0.55,t-bone
videos/jfGiD4S9OiA_00.mp4,13,0.45,0.65,single
videos/jgAGNNIG13E_00.mp4,6,0.53,0.54,rear-end
videos/jhkWGmAajmE_00.mp4,5,0.65,0.38,rear-end
videos/jiOupTjSods_00.mp4,13,0.28,0.65,single
videos/jiiHFFhdKPc_00.mp4,5.3,0.62,0.68,t-bone
videos/jiliVB6lsKE_00.mp4,8.2,0.55,0.45,t-bone
videos/jnarvwUc5NU_00.mp4,8.2,0.55,0.35,sideswipe
videos/jndtah0zyZ4_00.mp4,13,0.55,0.5,single
videos/joRCqlk5sSA_00.mp4,4.8,0.82,0.65,t-bone
videos/jopSKVpAIos_00.mp4,8.2,0.38,0.58,single
videos/jq-5EaxSR3M_00.mp4,13,0.74,0.47,single
videos/jrbryXS0w74_00.mp4,2,0.4,0.5,single
videos/jriayW0n33c_00.mp4,6.6,0.4,0.5,t-bone
videos/jsh--BYn0pc_00.mp4,6.1,0.78,0.48,single
videos/ju6wnVi72qI_00.mp4,5.2,0.52,0.58,rear-end
videos/jvM9Js5f9dI_00.mp4,10.2,0.54,0.52,single
videos/jw4_kT_xjsE_00.mp4,4.5,0.52,0.51,t-bone
videos/jwhAPqcuObs_00.mp4,2.5,0.53,0.45,single
videos/jx00BpwvIEc_00.mp4,7.8,0.62,0.58,t-bone
videos/jzFOvz-C9q0_00.mp4,6,0.72,0.38,rear-end
videos/jzIahqK1XpM_00.mp4,2.2,0.73,0.51,t-bone
videos/k-LD0H31Rug_00.mp4,8.2,0.68,0.41,t-bone
videos/k-QTjGUDtZY_00.mp4,3,0.65,0.55,t-bone
videos/k88wOc1q7kI_00.mp4,8.1,0.58,0.45,t-bone
videos/k932VZGqE6c_0_00.mp4,7,0.72,0.38,t-bone
videos/k932VZGqE6c_1_00.mp4,4,0.65,0.45,t-bone
videos/k932VZGqE6c_2_00.mp4,7,0.81,0.65,single
videos/k932VZGqE6c_3_00.mp4,3.5,0.52,0.52,t-bone
videos/k9CLUG7vBOY_00.mp4,13,0.38,0.58,single
videos/k9lZ453AVO8_00.mp4,5,0.81,0.78,rear-end
videos/kABWTDKgc9U_00.mp4,15,0.65,0.55,single
videos/kDvSnh2NmpM_00.mp4,1.7,0.38,0.58,single
videos/kI-AKIXGLiY_00.mp4,3.7,0.22,0.48,t-bone
videos/kM5FhXJsyWA_00.mp4,12.8,0.45,0.55,single
videos/kMm9K4FKQyA_00.mp4,5.4,0.62,0.55,single
videos/kOOstkWDxz0_00.mp4,5.7,0.54,0.34,single
videos/kR4rLZ7ANAQ_00.mp4,2.6,0.81,0.63,single
videos/kUp_0rJe_OI_00.mp4,3,0.31,0.38,t-bone
videos/kUsZnGYhevs_00.mp4,2.68,0.5,0.5,single
videos/kaggle-fahaddalwai-cctvfootagevideo_1_00.mp4,2,0.38,0.33,t-bone
videos/kaggle-fahaddalwai-cctvfootagevideo_3_00.mp4,4.7,0.53,0.48,single
videos/kaggle-fahaddalwai-cctvfootagevideo_4_00.mp4,5,0.62,0.48,sideswipe
videos/kaggle-fahaddalwai-cctvfootagevideo_5_00.mp4,3.6,0.43,0.48,sideswipe
videos/kaggle-fahaddalwai-cctvfootagevideo_6_00.mp4,3.5,0.43,0.48,sideswipe
videos/kbpb8IGOAP0_00.mp4,4.2,0.75,0.72,single
videos/kc_bYkuKn-g_00.mp4,4.7,0.35,0.55,single
videos/kd7QwQqeJZQ_00.mp4,2.4,0.7,0.45,t-bone
videos/kd7QwQqeJZQ_01.mp4,4.2,0.5,0.6,single
videos/kd7QwQqeJZQ_02.mp4,4,0.58,0.45,sideswipe
videos/kgfitHjT3cs_00.mp4,13.1,0.38,0.78,single
videos/kgifRjE69lo_00.mp4,7.8,0.68,0.45,t-bone
videos/kj23OkxXMfU_00.mp4,6,0.88,0.58,single
videos/kkwEN_zBCx8_00.mp4,5.2,0.68,0.45,t-bone
videos/kkwEN_zBCx8_01.mp4,3.3,0.52,0.48,rear-end
videos/kkwEN_zBCx8_02.mp4,6,0.53,0.35,sideswipe
videos/klHFoVQo--8_00.mp4,6,0.23,0.61,single
videos/knWz2A2w3Ts_00.mp4,7.1,0.25,0.75,sideswipe
videos/kuwhQxdw6TU_00.mp4,5.3,0.58,0.65,t-bone
videos/kv-u4ZiEGJA_4_00.mp4,1.2,0.28,0.52,t-bone
videos/l1_qLRlQw8U_00.mp4,13,0.13,0.5,single
videos/l2iiHvICI2Y_00.mp4,12.2,0.53,0.51,sideswipe
videos/l3GUdPH62y8_00.mp4,7.5,0.3,0.5,t-bone
videos/l4xiNaUc-Bw_00.mp4,10.3,0.42,0.38,single
videos/l6WnoOecA9s_00.mp4,3,0.55,0.58,rear-end
videos/l9KMgfV5BeU_00.mp4,12,0.5,0.35,sideswipe
videos/lJvJnAxuX5U_0_00.mp4,7,0.68,0.65,t-bone
videos/lKAtoCazPaE_00.mp4,3.6,0.12,0.48,t-bone
videos/lM1uI0uKh-U_00.mp4,2.8,0.48,0.58,sideswipe
videos/lRcaIAGppGs_00.mp4,2.2,0.47,0.63,single
videos/lXKSWeJ9jEc_00.mp4,2.25,0.45,0.55,single
videos/l_2BO67srNo_00.mp4,7.1,0.38,0.51,single
videos/lfQuoQHfc4k_00.mp4,3.4,0.38,0.48,sideswipe
videos/lgU3T6kySLw_00.mp4,2,0.68,0.48,sideswipe
videos/lj2jsTChFEo_00.mp4,6.2,0.12,0.68,single
videos/ljLoCD0O9fM_00.mp4,3.4,0.7,0.4,t-bone
videos/lkIQC6QRbys_00.mp4,3.1,0.28,0.65,t-bone
videos/llupGpa4OMQ_00.mp4,6.2,0.43,0.58,sideswipe
videos/llwNilbilqg_00.mp4,6.1,0.57,0.45,t-bone
videos/lpJL9-mBNmk_00.mp4,5.9,0.62,0.38,single
videos/lpeKVGzEaUk_00.mp4,15.7,0.59,0.67,single
videos/lprYC7noW0w_00.mp4,10.9,0.51,0.63,single
videos/lqkfsE2tmbo_00.mp4,2,0.32,0.33,rear-end
videos/ltBaGt6A30I_00.mp4,9,0.48,0.55,t-bone
videos/luYrUPWqC5w_00.mp4,5.5,0.25,0.55,t-bone
videos/lvIwOAjE7Ts_00.mp4,4.1,0.42,0.51,t-bone
videos/lwsVlWv6Oe8_00.mp4,3.7,0.12,0.48,t-bone
videos/m2uBNOFIvKk_00.mp4,4,0.78,0.58,t-bone
videos/m33jiO8xGLk_00.mp4,5.2,0.33,0.68,sideswipe
videos/m8HHbAqyx8g_00.mp4,7,0.23,0.47,single
videos/mCR74lvVPdY_00.mp4,1.7,0.45,0.65,rear-end
videos/mD8Lu8KAoYc_00.mp4,2.5,0.58,0.51,t-bone
videos/mDHuTgnSxMs_00.mp4,14,0.68,0.42,t-bone
videos/mDtCi-XVAbo_00.mp4,10.6,0.58,0.52,single
videos/mEEMZBZHIrc_00.mp4,2,0.48,0.3,rear-end
videos/mEQxozTl1S4_00.mp4,2.5,0.65,0.38,rear-end
videos/mJArIYTPLbE_00.mp4,1.2,0.3,0.5,sideswipe
videos/mM1mhT8o578_00.mp4,16.5,0.12,0.52,single
videos/mOwuW8t6-GQ_2_00.mp4,5.7,0.35,0.55,t-bone
videos/mOwuW8t6-GQ_4_00.mp4,8.5,0.7,0.5,sideswipe
videos/mOwuW8t6-GQ_5_00.mp4,5,0.45,0.55,t-bone
videos/mOwuW8t6-GQ_6_00.mp4,9.3,0.45,0.45,t-bone
videos/mRbMWblAmzo_00.mp4,7.2,0.63,0.51,single
videos/mTVpYeTKFN4_00.mp4,5.8,0.4,0.55,t-bone
videos/mTYWjKznhOY_00.mp4,0.8,0.42,0.58,rear-end
videos/mUvPuML7-2k_00.mp4,14.8,0.78,0.58,single
videos/mYTte8BTffA_00.mp4,2.8,0.28,0.58,t-bone
videos/maJGw3hQs_s_00.mp4,4,0.32,0.31,sideswipe
videos/maJsgJsapH4_00.mp4,6,0.61,0.53,single
videos/mby2Klg_d10_00.mp4,16.6,0.88,0.58,single
videos/md2cHgL1TV0_00.mp4,7,0.31,0.63,t-bone
videos/meDGeTof2x0_00.mp4,5.3,0.28,0.38,rear-end
videos/mg6PLF8sHWw_0_00.mp4,5.3,0.42,0.48,t-bone
videos/mgl0K0RP_y8_00.mp4,15.2,0.35,0.55,single
videos/mh2N02NQ-bQ_00.mp4,13,0.85,0.35,single
videos/mhLc2Vl1ekk_00.mp4,7.5,0.53,0.25,t-bone
videos/mhQIf0yVU3g_1_00.mp4,2.2,0.42,0.53,sideswipe
videos/mhQIf0yVU3g_3_00.mp4,3.1,0.72,0.38,t-bone
videos/mhuM8U4OZw4_00.mp4,6.5,0.48,0.58,t-bone
videos/miJaH5hcX5U_00.mp4,2.9,0.68,0.48,t-bone
videos/mjKiqWEZoAM_00.mp4,7.1,0.6,0.5,rear-end
videos/mlkJl8ql03o_00.mp4,1.3,0.48,0.45,single
videos/mllfWsyVZ1s_00.mp4,4.5,0.45,0.65,rear-end
videos/mlv_VGdtang_00.mp4,7,0.32,0.68,rear-end
videos/mmEiKiU-ZLs_00.mp4,5.3,0.28,0.35,single
videos/mntY3Xh8lT4_00.mp4,5,0.48,0.58,single
videos/mr_it2B6muI_00.mp4,5,0.62,0.68,sideswipe
videos/mz-y5-ksDA8_00.mp4,4.1,0.9,0.7,t-bone
videos/mzHmLvV9QlM_00.mp4,4.3,0.41,0.55,single
videos/n-aa3NIlRMo_00.mp4,6.1,0.63,0.88,t-bone
videos/n0pXXp0cWWw_00.mp4,2,0.72,0.63,single
videos/n1da-gnbUBU_00.mp4,6,0.72,0.65,rear-end
videos/n4SC6GEp99A_00.mp4,5.4,0.72,0.6,t-bone
videos/n77TaXyADls_00.mp4,4.5,0.52,0.5,t-bone
videos/nAXTthLfgtI_00.mp4,5,0.5,0.4,head-on
videos/nEszisiy2ho_00.mp4,3.8,0.58,0.45,single
videos/nFpT2-RpAS8_0_00.mp4,1.8,0.3,0.5,single
videos/nFpT2-RpAS8_1_00.mp4,7.8,0.32,0.48,sideswipe
videos/nFpT2-RpAS8_2_00.mp4,3.4,0.58,0.55,t-bone
videos/nFpT2-RpAS8_3_00.mp4,7,0.47,0.33,rear-end
videos/nGHp5y9P0Ic_00.mp4,3,0.72,0.45,single
videos/nGzSLxoFILc_00.mp4,2.8,0.4,0.45,t-bone
videos/nH1Xj9-rVwc_00.mp4,14.3,0.65,0.55,single
videos/nHKTuIJZA1U_00.mp4,4,0.48,0.83,single
videos/nHmyMVHNPDs_00.mp4,1.2,0.38,0.58,t-bone
videos/nKC_z-VEBfE_00.mp4,12,0.6,0.45,rear-end
videos/nKi8Onx1jI4_00.mp4,3.3,0.72,0.48,single
videos/nKz4V0ajOgc_00.mp4,13,0.45,0.7,t-bone
videos/nRLaHoFoa8s_00.mp4,8.4,0.35,0.5,t-bone
videos/nROU35t27G4_00.mp4,3.7,0.2,0.65,t-bone
videos/nS5_c56gJKM_00.mp4,2.3,0.48,0.65,single
videos/nSK7cehJiCE_6_00.mp4,2,0.15,0.65,single
videos/nSK7cehJiCE_8_00.mp4,2,0.58,0.55,t-bone
videos/nSK7cehJiCE_9_00.mp4,2,0.65,0.55,t-bone
videos/n_U9loEcX54_00.mp4,2.5,0.7,0.5,t-bone
videos/nbSL1Tri9gc_00.mp4,1.5,0.8,0.4,head-on
videos/nbhL6NycXqc_00.mp4,8.3,0.2,0.5,single
videos/neRsGdCvROM_00.mp4,15,0.5,0.45,single
videos/neiYtur4FOY_00.mp4,15.2,0.17,0.62,single
videos/neosg71VJkY_00.mp4,4.4,0.28,0.72,sideswipe
videos/ngcjihGL0zg_00.mp4,2.3,0.45,0.55,single
videos/nhEW6whH4HE_00.mp4,1,0.35,0.5,sideswipe
videos/niL3O_tNdFY_00.mp4,8,0.55,0.42,rear-end
videos/njI11mpdwo0_00.mp4,1.5,0.48,0.58,sideswipe
videos/njJxs1KozgE_00.mp4,3.8,0.55,0.52,t-bone
videos/nlRWwNiCtsE_00.mp4,8.3,0.33,0.72,single
videos/nnY1sFj3-Ag_00.mp4,5.3,0.34,0.51,single
videos/nsHYg3ENgk4_1_00.mp4,1,0.5,0.4,t-bone
videos/nsHYg3ENgk4_2_00.mp4,6.2,0.48,0.52,t-bone
videos/nsHYg3ENgk4_5_00.mp4,5.3,0.65,0.55,t-bone
videos/nsHYg3ENgk4_6_00.mp4,6.6,0.62,0.52,t-bone
videos/nsHYg3ENgk4_7_00.mp4,5.8,0.68,0.55,t-bone
videos/nsHYg3ENgk4_9_00.mp4,5.5,0.48,0.62,sideswipe
videos/ntjBOrqvD6Q_00.mp4,2.8,0.82,0.55,single
videos/nwb6yD8CMaM_00.mp4,5.3,0.48,0.42,t-bone
videos/nxtAJF0x3qQ_00.mp4,9.6,0.73,0.58,t-bone
videos/nzxBMPZE-Ow_00.mp4,5.8,0.18,0.53,single
videos/o45cTuevkJ8_00.mp4,3,0.47,0.42,sideswipe
videos/o51jfgj-KEA_00.mp4,4.5,0.52,0.68,t-bone
videos/o5neAPqmNm8_00.mp4,5.2,0.28,0.45,single
videos/oAYCNrUXNow_00.mp4,1.8,0.48,0.48,t-bone
videos/oBN7DtMXoSw_00.mp4,9.1,0.52,0.48,t-bone
videos/oCp56IFmInU_00.mp4,3.3,0.48,0.58,t-bone
videos/oGQRRhrK2LA_00.mp4,6.7,0.47,0.38,t-bone
videos/oPHbqlp1o5k_00.mp4,4.2,0.52,0.48,t-bone
videos/oPdIw4WJ6ZU_00.mp4,3,0.42,0.65,rear-end
videos/oRG1-9tRk5w_00.mp4,11.1,0.83,0.72,single
videos/oV7t0yEbT8c_00.mp4,5,0.68,0.52,single
videos/oWLWFTK4QdU_00.mp4,5.3,0.73,0.25,single
videos/oWLWFTK4QdU_01.mp4,9,0.63,0.38,sideswipe
videos/oWLWFTK4QdU_02.mp4,4.3,0.56,0.43,rear-end
videos/oXHq9qN7jyk_00.mp4,2.2,0.22,0.65,rear-end
videos/oXMCX36zERc_00.mp4,14.5,0.92,0.6,single
videos/oYaZpc8SL9c_00.mp4,3.4,0.48,0.65,t-bone
videos/ob6zKCT1SGE_00.mp4,12.1,0.74,0.6,single
videos/obqvQOIyzL4_00.mp4,6,0.72,0.38,single
videos/oc1DL7vLskc_00.mp4,4.3,0.42,0.68,t-bone
videos/oeRlPluv-eY_00.mp4,6,0.38,0.4,sideswipe
videos/og42C5ewnRY_00.mp4,13.5,0.6,0.53,single
videos/oiF_zB8j6MM_00.mp4,2.7,0.38,0.55,sideswipe
videos/olrS9Xl-I70_00.mp4,3,0.67,0.68,single
videos/ooFHzXAx7EU_00.mp4,3,0.41,0.35,t-bone
videos/oocg-wnFMDE_00.mp4,7.5,0.21,0.28,rear-end
videos/oqzyCtlqYUw_00.mp4,7,0.68,0.45,single
videos/orZsH8JuEE4_00.mp4,12.5,0.5,0.35,head-on
videos/otYsKPJqTr0_00.mp4,4,0.45,0.45,t-bone
videos/ov4h43VcSuQ_00.mp4,3.7,0.45,0.68,rear-end
videos/owO2-pjxOqs_00.mp4,4.3,0.42,0.45,rear-end
videos/ozCjkCKp6DQ_00.mp4,7.2,0.62,0.48,t-bone
videos/ozOAT76M0PM_00.mp4,3.1,0.53,0.62,t-bone
videos/p-8rTEjl_30_00.mp4,13,0.58,0.55,t-bone
videos/p-Tdocrz9HI_00.mp4,11.5,0.38,0.55,rear-end
videos/p1ibbi6Pljw_00.mp4,6.5,0.12,0.58,single
videos/p3XgqO9PzH4_00.mp4,10.4,0.54,0.47,rear-end
videos/p5G4xCcukEA_00.mp4,7.1,0.58,0.55,t-bone
videos/p6vrqyzdnSQ_00.mp4,6.5,0.58,0.45,single
videos/p7GtPUgji9w_00.mp4,2.5,0.57,0.55,t-bone
videos/pA6q7Q2EQrw_20_00.mp4,1.1,0.42,0.48,t-bone
videos/pA6q7Q2EQrw_21_00.mp4,1.2,0.65,0.45,t-bone
videos/pA6q7Q2EQrw_22_00.mp4,5,0.45,0.5,rear-end
videos/pA6q7Q2EQrw_25_00.mp4,3.1,0.53,0.51,sideswipe
videos/pA6q7Q2EQrw_32_00.mp4,0.5,0.4,0.5,sideswipe
videos/pA6q7Q2EQrw_3_00.mp4,3.4,0.58,0.45,sideswipe
videos/pA6q7Q2EQrw_8_00.mp4,2.2,0.45,0.45,t-bone
videos/pA_dEaPv-yk_00.mp4,7.3,0.41,0.45,t-bone
videos/pB-O0UY9gM8_00.mp4,2,0.45,0.35,single
videos/pB-O0UY9gM8_01.mp4,1.7,0.42,0.28,single
videos/pJD9bGTb5Mo_00.mp4,6.1,0.42,0.58,t-bone
videos/pK1JUx-kk5U_00.mp4,16.5,0.68,0.65,single
videos/pMA26OVWUOY_00.mp4,3,0.38,0.65,single
videos/pPBBcgLkgfE_00.mp4,14.1,0.34,0.48,single
videos/pQ84BiOk854_00.mp4,10.7,0.58,0.55,t-bone
videos/pS5SXfuqz-4_00.mp4,8,0.33,0.58,rear-end
videos/pS8q0o3ygtI_00.mp4,4.2,0.38,0.62,sideswipe
videos/pSjvg4Zq3-4_00.mp4,14.5,0.55,0.5,head-on
videos/pUUmNU7jrXI_00.mp4,4,0.35,0.33,rear-end
videos/pVzWMPYJOrI_00.mp4,3.8,0.82,0.48,t-bone
videos/pWUkfZdWn7M_00.mp4,1.6,0.23,0.55,single
videos/pYs0DHkGyec_00.mp4,17.2,0.85,0.25,single
videos/paIiPXuFj7Q_00.mp4,11.1,0.61,0.53,single
videos/pb5K0aVve9o_00.mp4,4.4,0.48,0.52,rear-end
videos/pcT3Lr767_M_00.mp4,8.3,0.91,0.58,single
videos/pnV5RLCskPI_00.mp4,2.7,0.61,0.72,rear-end
videos/poiJgI2OE-w_00.mp4,9.1,0.6,0.45,t-bone
videos/pwc7SEk8BA4_00.mp4,10.4,0.33,0.67,rear-end
videos/pyL525xZdfw_00.mp4,3.2,0.38,0.52,rear-end
videos/pyq3j3CobZ0_00.mp4,0.8,0.48,0.52,sideswipe
videos/q0ReAwAoB6c_00.mp4,13.5,0.62,0.68,single
videos/q7UutMH5DTM_00.mp4,0.5,0.42,0.45,rear-end
videos/qCBttHwTwnQ_00.mp4,2,0.41,0.43,t-bone
videos/qCDsyJKE1MA_00.mp4,5.2,0.48,0.52,sideswipe
videos/qFypaL4RVTw_00.mp4,13.6,0.58,0.55,single
videos/qNH-EtH6qPo_00.mp4,5.2,0.38,0.58,t-bone
videos/qOKeWK8IZHs_00.mp4,5.1,0.35,0.65,rear-end
videos/qOTEPSVfGSI_00.mp4,12.5,0.48,0.55,t-bone
videos/qRIoLYMJVcs_00.mp4,3.6,0.78,0.58,single
videos/qWlYogH_23M_00.mp4,3,0.62,0.65,t-bone
videos/qZlVsk7-fsk_00.mp4,8.5,0.72,0.48,t-bone
videos/qdHRfSReZ0w_00.mp4,3.2,0.48,0.45,rear-end
videos/qfCt6R_rTMY_00.mp4,6.1,0.92,0.72,t-bone
videos/qigDKE0vaXw_00.mp4,11.4,0.68,0.52,single
videos/qkOFqDO_mL4_00.mp4,1.1,0.23,0.48,t-bone
videos/qnyC61bVCJQ_00.mp4,7.8,0.62,0.58,single
videos/qq34-Ch0SYE_00.mp4,7.2,0.48,0.65,rear-end
videos/qx2zGl2mYt0_00.mp4,5.7,0.38,0.55,sideswipe
videos/qzOpk_d1pGU_00.mp4,4.7,0.68,0.45,t-bone
videos/r-f6Tk6M_kQ_00.mp4,2.8,0.78,0.58,t-bone
videos/r-fThmrFOqs_00.mp4,4.6,0.73,0.58,sideswipe
videos/r-k-zVvecKs_00.mp4,5.5,0.53,0.48,t-bone
videos/r0IIrqV5xPo_00.mp4,8.3,0.67,0.52,sideswipe
videos/r1fGrsOle9M_00.mp4,5.7,0.35,0.45,single
videos/r30SzXochSk_00.mp4,9.7,0.41,0.57,single
videos/r4P0kKBitVM_00.mp4,9.7,0.48,0.45,single
videos/rA5O9Okdkss_00.mp4,5.5,0.28,0.65,rear-end
videos/rAqvr6D_CwU_00.mp4,7.5,0.48,0.52,sideswipe
videos/rDkG2tN8W8o_00.mp4,12.4,0.57,0.48,rear-end
videos/rEKHRhOLjm4_00.mp4,12,0.48,0.52,single
videos/rJaAl_YfQiM_00.mp4,9,0.22,0.65,single
videos/rNLWvxHU5E4_00.mp4,4.4,0.22,0.65,t-bone
videos/rNaMkFBhxmI_00.mp4,2,0.68,0.65,single
videos/rQy2l6gxB8c_0_00.mp4,6.2,0.28,0.52,t-bone
videos/rQy2l6gxB8c_1_00.mp4,2.7,0.58,0.52,t-bone
videos/rQy2l6gxB8c_3_00.mp4,7.8,0.38,0.48,single
videos/rRqKYOsYITQ_00.mp4,2.1,0.4,0.4,sideswipe
videos/rSQtKYBkOg0_00.mp4,2.3,0.58,0.65,t-bone
videos/rTa4OCFz0i8_00.mp4,2.6,0.58,0.45,t-bone
videos/rZ4OS1E_Hqg_00.mp4,3.1,0.45,0.65,rear-end
videos/r_Ca7EkJDdg_00.mp4,3.3,0.48,0.52,sideswipe
videos/r_hzgvP7sJg_00.mp4,3.5,0.22,0.38,t-bone
videos/r_s-IxnbXkw_00.mp4,1.2,0.78,0.65,single
videos/reXieySb4JI_00.mp4,7,0.78,0.55,t-bone
videos/rivjQ5XnuIg_00.mp4,16.5,0.68,0.62,single
videos/rk8CtIpbG5w_00.mp4,6.9,0.28,0.58,single
videos/rm4qKkLP9-A_00.mp4,1.1,0.51,0.48,single
videos/rqXj43PDmBw_00.mp4,13,0.12,0.65,single
videos/rsB7TD2zW4A_00.mp4,7.8,0.42,0.58,single
videos/ru5QM17tRfk_00.mp4,4.5,0.42,0.58,rear-end
videos/russia11_00.mp4,11.5,0.35,0.55,rear-end
videos/russia12_00.mp4,3.8,0.31,0.5,single
videos/russia13_00.mp4,1.8,0.21,0.38,t-bone
videos/russia14_00.mp4,2,0.52,0.55,t-bone
videos/russia15_00.mp4,2.8,0.58,0.48,t-bone
videos/russia16_00.mp4,4.2,0.45,0.45,t-bone
videos/russia17_00.mp4,3.2,0.5,0.45,t-bone
videos/russia18_00.mp4,4.4,0.57,0.4,sideswipe
videos/russia19_00.mp4,4,0.45,0.45,t-bone
videos/russia1_00.mp4,5.3,0.27,0.43,t-bone
videos/russia20_00.mp4,1.2,0.28,0.52,t-bone
videos/russia21_00.mp4,4.1,0.52,0.5,t-bone
videos/russia22_00.mp4,1.5,0.48,0.65,rear-end
videos/russia23_00.mp4,2.8,0.65,0.5,t-bone
videos/russia2_00.mp4,2.1,0.38,0.42,t-bone
videos/russia3_00.mp4,4.4,0.43,0.51,rear-end
videos/russia4_00.mp4,5.3,0.58,0.48,sideswipe
videos/russia6_00.mp4,3.4,0.42,0.55,t-bone
videos/russia7_00.mp4,4.4,0.31,0.43,rear-end
videos/russia8_00.mp4,2.8,0.58,0.45,sideswipe
videos/s5rpnFmqofQ_00.mp4,3.5,0.52,0.58,t-bone
videos/s80RaghtMRk_00.mp4,1.5,0.72,0.4,single
videos/s80RaghtMRk_01.mp4,2.5,0.73,0.4,single
videos/s80RaghtMRk_02.mp4,2.6,0.35,0.4,t-bone
videos/s80RaghtMRk_03.mp4,2.3,0.52,0.48,rear-end
videos/s80RaghtMRk_04.mp4,1.1,0.6,0.5,rear-end
videos/sKJdbm04q6U_00.mp4,12.5,0.42,0.48,rear-end
videos/sRM9RLRUYjI_00.mp4,10.3,0.22,0.65,single
videos/sRyjIctHIdA_00.mp4,2.7,0.73,0.48,t-bone
videos/sV5FN5PePOQ_00.mp4,2.8,0.5,0.6,t-bone
videos/sckLwIfeCT4_00.mp4,13,0.72,0.58,single
videos/seHQ5Y5g5Ns_00.mp4,14.8,0.52,0.58,single
videos/sfGi08xARHo_00.mp4,13.5,0.73,0.4,single
videos/sja7nF8p6tw_00.mp4,10.5,0.51,0.45,rear-end
videos/sl2h_VexIkA_00.mp4,5,0.54,0.53,single
videos/snZGxCZ7vFM_00.mp4,5,0.8,0.6,sideswipe
videos/snpgCzf-mK4_00.mp4,9.1,0.33,0.48,sideswipe
videos/soihnyrvZms_00.mp4,2,0.68,0.65,rear-end
videos/sppaLXwUokY_00.mp4,10.9,0.31,0.58,single
videos/ssoscEvTTLc_00.mp4,3.7,0.57,0.38,rear-end
videos/suSfwiex1Kk_00.mp4,4.3,0.34,0.36,single
videos/swAfXA86Sk8_00.mp4,11,0.45,0.65,single
videos/swb5GdD__W0_00.mp4,0.5,0.38,0.48,sideswipe
videos/swjfOB7CzTM_00.mp4,13.5,0.65,0.5,rear-end
videos/sxonKsim9qE_00.mp4,7.1,0.38,0.55,sideswipe
videos/sy3K_DPXi1g_00.mp4,9.3,0.52,0.55,t-bone
videos/t1jKUTg1Qq0_00.mp4,9.9,0.29,0.65,single
videos/tAGibqigAx0_00.mp4,4.2,0.62,0.52,t-bone
videos/tB1MoGqqKsA_00.mp4,10.5,0.83,0.38,single
videos/tDN-mwNSJc8_2_00.mp4,4,0.68,0.58,t-bone
videos/tDN-mwNSJc8_3_00.mp4,4.5,0.72,0.58,t-bone
videos/tDN-mwNSJc8_4_00.mp4,3,0.65,0.55,t-bone
videos/tDN-mwNSJc8_5_00.mp4,1.7,0.68,0.52,t-bone
videos/tDN-mwNSJc8_8_00.mp4,2.2,0.7,0.55,sideswipe
videos/tDN-mwNSJc8_9_00.mp4,6,0.58,0.52,t-bone
videos/tFS_Hk-qEiQ_00.mp4,0.7,0.35,0.48,rear-end
videos/tHW7Y0dIwkg_00.mp4,1.8,0.48,0.65,rear-end
videos/tJlFR_bbD6s_00.mp4,5.4,0.42,0.48,single
videos/tK1wd_HCYNo_00.mp4,7.1,0.32,0.45,rear-end
videos/tSSn6ZA4cfI_00.mp4,10.5,0.78,0.68,single
videos/tX9OSNQL0hg_00.mp4,2.1,0.57,0.58,sideswipe
videos/taahlmWl1Pc_00.mp4,4.2,0.53,0.62,rear-end
videos/teLTVBt01wU_00.mp4,5.5,0.63,0.57,t-bone
videos/tm9gYOoBRmM_00.mp4,13.4,0.45,0.38,t-bone
videos/tmZqFNBoF-E_00.mp4,2,0.13,0.28,t-bone
videos/tmklYgHVZcY_00.mp4,29.53,0.52,0.58,rear-end
videos/tmv5qTrk8H4_00.mp4,0.4,0.4,0.55,rear-end
videos/tnO5_kjf1II_00.mp4,3.9,0.68,0.22,single
videos/tnXaQLZivt0_00.mp4,2,0.48,0.55,t-bone
videos/tqSAFTzuCy4_00.mp4,3.5,0.87,0.22,rear-end
videos/trvzPZZfNPs_00.mp4,8.5,0.51,0.58,single
videos/twdqtlixsj0_00.mp4,4.5,0.48,0.48,t-bone
videos/typL5MlQdQU_00.mp4,10.9,0.72,0.58,t-bone
videos/u3KPKXc9A1c_00.mp4,4.6,0.18,0.55,t-bone
videos/u4lFhg1C20o_00.mp4,13,0.92,0.65,single
videos/uAkT7TEx6uM_00.mp4,2.1,0.78,0.33,rear-end
videos/uAmblqScf8Q_00.mp4,13.3,0.5,0.4,head-on
videos/uC7g8msxRak_00.mp4,10.5,0.83,0.58,sideswipe
videos/uCHnvKyEwYU_00.mp4,9.9,0.67,0.33,t-bone
videos/uD3kjTme_dU_00.mp4,8,0.31,0.85,rear-end
videos/uD3kjTme_dU_01.mp4,2,0.33,0.85,single
videos/uGvzo8mRSSo_00.mp4,13,0.73,0.48,single
videos/uJR-x2ahMjo_00.mp4,8.1,0.6,0.5,t-bone
videos/uKieP03gwxQ_00.mp4,13.2,0.38,0.65,single
videos/uPwNRl6V9i8_00.mp4,7,0.82,0.65,single
videos/uQHq1rdhTNQ_00.mp4,5.4,0.51,0.45,rear-end
videos/uSTubEz9Mpw_00.mp4,8.1,0.45,0.65,rear-end
videos/udobZNZzMZE_00.mp4,5.2,0.48,0.68,single
videos/udxjyNtNiV4_00.mp4,3.2,0.28,0.65,single
videos/udz8ku0RP6Q_00.mp4,8.8,0.28,0.68,sideswipe
videos/ue2PvUTPXTs_00.mp4,10,0.87,0.55,single
videos/ufUZKmdTyaM_00.mp4,2.7,0.68,0.48,t-bone
videos/ufVELUluHJE_00.mp4,8.2,0.21,0.48,single
videos/uh5OqU0h4ZM_00.mp4,16.5,0.55,0.65,single
videos/ui52V2KkRN4_00.mp4,6.5,0.48,0.45,single
videos/uiZD8Fw0SGc_00.mp4,7.2,0.43,0.52,single
videos/ulSxHhFWUhM_00.mp4,3.8,0.58,0.57,t-bone
videos/un3zKlzQR0s_00.mp4,2.5,0.3,0.55,rear-end
videos/unS0-TLF1ao_00.mp4,2.2,0.68,0.45,single
videos/unTKXNwIN1A_00.mp4,2.2,0.62,0.38,rear-end
videos/uoY--IlBdjw_00.mp4,0.4,0.8,0.45,single
videos/uoY--IlBdjw_01.mp4,3,0.6,0.5,single
videos/uoY--IlBdjw_02.mp4,2,0.4,0.55,single
videos/upawiSphDM8_2_00.mp4,1.5,0.65,0.55,rear-end
videos/ur7JERJrVQs_00.mp4,3,0.32,0.58,rear-end
videos/urdxgkwYUqM_00.mp4,6.3,0.38,0.48,t-bone
videos/uwdOQc-iC_c_00.mp4,4,0.22,0.58,sideswipe
videos/uwi_3_tL3us_00.mp4,3,0.58,0.55,rear-end
videos/v-XEgdEkmEk_00.mp4,10,0.68,0.65,single
videos/v0VVrqk4l3o_00.mp4,13,0.31,0.72,single
videos/v45DbbZotgI_00.mp4,16.1,0.15,0.65,single
videos/v9jwlgooOmE_00.mp4,5.2,0.38,0.68,single
videos/vC6P5GxfX-Q_00.mp4,4.7,0.45,0.35,single
videos/vFEHKkVl-og_00.mp4,13.1,0.32,0.78,single
videos/vMqldj7d7e0_00.mp4,12,0.45,0.55,single
videos/vMzEXTNSTzw_00.mp4,4.8,0.38,0.52,t-bone
videos/vOurgVV6O90_00.mp4,8,0.41,0.31,single
videos/vPWarRX_sVI_00.mp4,5,0.78,0.55,rear-end
videos/vR3sZ1IxPAo_00.mp4,8.5,0.22,0.48,single
videos/vR3sZ1IxPAo_01.mp4,8.2,0.75,0.38,rear-end
videos/vUnflRkNPsI_00.mp4,4.4,0.52,0.68,sideswipe
videos/vVeLx1IopnM_00.mp4,13,0.92,0.65,single
videos/vWus0so2b0w_00.mp4,7.8,0.38,0.42,t-bone
videos/vXrwMyoMA4c_00.mp4,12,0.05,0.3,single
videos/v_i8N0-kt2w_00.mp4,5.2,0.18,0.43,rear-end
videos/vbIXlHZnRo4_00.mp4,6.5,0.53,0.5,single
videos/vcN-clDH2A8_00.mp4,10.5,0.38,0.58,sideswipe
videos/ve9ThZ4xzrQ_00.mp4,3,0.42,0.65,rear-end
videos/vfx-a0mKrFo_00.mp4,3.5,0.71,0.33,t-bone
videos/video130_00.mp4,4.5,0.45,0.45,t-bone
videos/video136_00.mp4,3,0.52,0.38,single
videos/video13_00.mp4,8,0.61,0.24,rear-end
videos/video187_00.mp4,5.4,0.58,0.52,t-bone
videos/video193_00.mp4,8.7,0.58,0.45,t-bone
videos/video24_00.mp4,3.7,0.52,0.58,t-bone
videos/video26_00.mp4,11,0.33,0.31,rear-end
videos/video33_00.mp4,2,0.48,0.55,rear-end
videos/video38_00.mp4,2.1,0.58,0.45,rear-end
videos/video52_00.mp4,5.2,0.5,0.45,t-bone
videos/video56_00.mp4,1.9,0.35,0.45,t-bone
videos/video57_00.mp4,2.6,0.18,0.52,t-bone
videos/video60_00.mp4,6.4,0.45,0.52,t-bone
videos/video72_00.mp4,3.3,0.28,0.4,single
videos/vii3d_HkqvY_00.mp4,1.4,0.38,0.58,rear-end
videos/vqIPnFuQ22c_00.mp4,3.8,0.51,0.58,rear-end
videos/vrkLno9PSfU_00.mp4,5.4,0.52,0.3,rear-end
videos/vsgWvWqscHk_00.mp4,14.3,0.45,0.55,head-on
videos/vtXjJLurYMY_00.mp4,6.1,0.48,0.48,sideswipe
videos/vxZ47DoPNY8_00.mp4,2.9,0.78,0.35,single
videos/w-oDFvzkC8o_00.mp4,1.3,0.42,0.52,rear-end
videos/w0jywVfX7LY_00.mp4,7.1,0.41,0.48,t-bone
videos/w1jVynKgMzo_00.mp4,2.3,0.38,0.65,rear-end
videos/w5gsLw2EF-w_00.mp4,13,0.42,0.58,single
videos/w5i2d9URq1I_00.mp4,4.1,0.48,0.68,rear-end
videos/w7lzIHFlSsE_00.mp4,4.5,0.65,0.55,t-bone
videos/wGZiHg7a5wU_00.mp4,2.8,0.55,0.45,sideswipe
videos/wHixrZXgXRI_00.mp4,18.6,0.8,0.65,t-bone
videos/wJBN4-qBBWI_00.mp4,6,0.25,0.45,single
videos/wQ0jtlL3tbA_00.mp4,15.2,0.78,0.72,single
videos/wQ_pGHoj2SI_00.mp4,15.2,0.12,0.58,single
videos/wScVipt0pWk_10_00.mp4,1,0.52,0.58,t-bone
videos/wScVipt0pWk_12_00.mp4,3.1,0.32,0.6,rear-end
videos/wScVipt0pWk_13_00.mp4,2.8,0.48,0.5,sideswipe
videos/wScVipt0pWk_15_00.mp4,1.1,0.32,0.68,sideswipe
videos/wScVipt0pWk_17_00.mp4,2.3,0.35,0.65,t-bone
videos/wScVipt0pWk_3_00.mp4,1.5,0.38,0.58,sideswipe
videos/wScVipt0pWk_7_00.mp4,1.3,0.38,0.58,sideswipe
videos/wSuWfSgwKZU_00.mp4,2.5,0.45,0.55,single
videos/wVHxOW_jAvo_00.mp4,9.4,0.72,0.25,rear-end
videos/w_4-UPeU_zc_00.mp4,8.2,0.33,0.58,single
videos/whARwNPnlf0_00.mp4,7.9,0.52,0.43,rear-end
videos/wqYFt0bcNrA_00.mp4,16.6,0.78,0.72,single
videos/wrKbzGEUOlI_00.mp4,4.2,0.55,0.38,sideswipe
videos/x25XtFGKc-E_00.mp4,2.1,0.58,0.65,rear-end
videos/x2ymyeli9Xc_00.mp4,3.9,0.48,0.51,sideswipe
videos/x4jVejiZNsI_00.mp4,1,0.52,0.65,single
videos/x5XPG-uYJlM_00.mp4,5.7,0.28,0.52,single
videos/x7R33QUiHHM_00.mp4,7,0.2,0.4,rear-end
videos/x7yDzEf3TxM_00.mp4,10.1,0.54,0.55,single
videos/x8GY43DccAs_00.mp4,8,0.57,0.48,t-bone
videos/x9KDw9QoeKs_00.mp4,4,0.48,0.52,head-on
videos/xApGBKUGoR4_00.mp4,3.4,0.28,0.55,t-bone
videos/xBSWuwJElBc_00.mp4,3,0.48,0.52,t-bone
videos/xCSV8hDQPDo_00.mp4,2.5,0.82,0.55,rear-end
videos/xDNd4r5dECc_00.mp4,13,0.88,0.65,single
videos/xDbMZ8L-1OY_00.mp4,14.1,0.78,0.52,t-bone
videos/xDnxHFltzfQ_00.mp4,1.7,0.72,0.55,sideswipe
videos/xFWObpD8KiE_00.mp4,1.8,0.71,0.47,rear-end
videos/xJTY4uupVuI_00.mp4,7.2,0.42,0.37,t-bone
videos/xKSqovMmBhw_00.mp4,9.5,0.85,0.65,single
videos/xKT7khciy-c_10_00.mp4,0.5,0.65,0.55,t-bone
videos/xKT7khciy-c_14_00.mp4,3,0.58,0.35,t-bone
videos/xKT7khciy-c_16_00.mp4,1.6,0.38,0.58,sideswipe
videos/xKT7khciy-c_18_00.mp4,1.5,0.45,0.5,single
videos/xKT7khciy-c_20_00.mp4,2.5,0.28,0.52,t-bone
videos/xKT7khciy-c_22_00.mp4,1.7,0.8,0.45,t-bone
videos/xKT7khciy-c_2_00.mp4,1.2,0.15,0.3,rear-end
videos/xKT7khciy-c_5_00.mp4,5,0.35,0.4,t-bone
videos/xKT7khciy-c_8_00.mp4,2.5,0.38,0.52,head-on
videos/xNdcRobqvsc_00.mp4,1.5,0.28,0.52,rear-end
videos/xPNA0BFy_og_00.mp4,4.7,0.38,0.52,t-bone
videos/xP_sW92sGh8_00.mp4,5,0.48,0.72,rear-end
videos/xQCJTgk1AxQ_00.mp4,12,0.42,0.53,single
videos/xR3X3G9hsZ0_00.mp4,6.3,0.32,0.51,single
videos/xSMybsal-zs_00.mp4,6,0.42,0.48,single
videos/xUocvk0m-mc_00.mp4,5.3,0.24,0.28,single
videos/xYbFnmG3-Og_00.mp4,3.2,0.58,0.65,t-bone
videos/xaZ2WJAHrgY_00.mp4,5.2,0.48,0.31,single
videos/xlwF4_7_JIs_00.mp4,3.8,0.62,0.63,sideswipe
videos/xoq6jahieRg_00.mp4,12.3,0.83,0.53,single
videos/xpVTZU4KeZA_00.mp4,6.8,0.72,0.65,sideswipe
videos/xrQ3mx08clM_00.mp4,3.5,0.48,0.52,head-on
videos/xrzQq265lAc_00.mp4,3,0.52,0.58,t-bone
videos/xsX4nrMR0ds_00.mp4,7,0.55,0.45,single
videos/xwp9G0TuTUk_00.mp4,8.5,0.58,0.51,single
videos/y-QrV0SN9V0_00.mp4,3,0.62,0.58,t-bone
videos/y-yIv_dFHuc_00.mp4,6.3,0.48,0.52,rear-end
videos/y1FUdBq8QII_00.mp4,14.1,0.42,0.43,single
videos/y396l4X6WOk_00.mp4,6.2,0.32,0.58,t-bone
videos/y4Evv5By6sg_1_00.mp4,4.5,0.48,0.55,sideswipe
videos/y4Evv5By6sg_3_00.mp4,3.3,0.38,0.58,rear-end
videos/y4Evv5By6sg_4_00.mp4,2.9,0.58,0.55,t-bone
videos/y6d2TfbeWFk_00.mp4,16.3,0.42,0.61,single
videos/y7FiOf3tpnk_00.mp4,14,0.82,0.55,single
videos/yA0g2eWjmNs_00.mp4,7,0.43,0.35,head-on
videos/yD3Q70U-bD4_00.mp4,10.5,0.88,0.72,single
videos/yGYOGSKjE3o_00.mp4,2.5,0.52,0.65,sideswipe
videos/yQyB-0PLYAU_00.mp4,3.2,0.18,0.75,single
videos/yQz3PyPvr5Y_00.mp4,7,0.48,0.45,t-bone
videos/yS19DGEwcO4_00.mp4,5,0.62,0.78,sideswipe
videos/yS2IYwSqqVk_00.mp4,15,0.68,0.48,t-bone
videos/yTkouPWrmpU_00.mp4,1.3,0.53,0.65,sideswipe
videos/yWyxEWTof1A_00.mp4,7.8,0.78,0.65,rear-end
videos/yZNmOYWiGY0_00.mp4,3.1,0.18,0.58,rear-end
videos/yaP_9SJBWUg_00.mp4,2.5,0.43,0.32,single
videos/yab6XEomWGM_00.mp4,6.3,0.13,0.4,single
videos/yap1ac36OsU_00.mp4,10.2,0.13,0.83,single
videos/ycOLojVqIAg_00.mp4,3.4,0.52,0.62,t-bone
videos/yd7QK62ESfM_00.mp4,1.5,0.78,0.65,t-bone
videos/yfkkIC-AN68_00.mp4,5.2,0.78,0.58,sideswipe
videos/ygTLvXB2H_o_00.mp4,3.1,0.52,0.48,t-bone
videos/ygTLvXB2H_o_01.mp4,2.3,0.35,0.45,t-bone
videos/ygTLvXB2H_o_02.mp4,6,0.82,0.68,t-bone
videos/yj1M5Qp3k4w_00.mp4,4.8,0.68,0.48,sideswipe
videos/yqaUDA6i5GY_00.mp4,12,0.33,0.55,t-bone
videos/ysTXjULP4u8_00.mp4,2.2,0.82,0.52,rear-end
videos/yx-CTXIhAGA_00.mp4,2.2,0.18,0.25,single
videos/yxdh-n8LgyY_00.mp4,5,0.65,0.42,single
videos/yzLkvjtWFeI_00.mp4,5.6,0.55,0.55,t-bone
videos/yzNEliTlFGk_00.mp4,13,0.48,0.45,head-on
videos/z4J6Y7Hgprc_00.mp4,12.2,0.41,0.63,single
videos/z6AXuWSU63M_00.mp4,12.2,0.91,0.68,single
videos/zAqi6Odnoiw_00.mp4,4.2,0.58,0.52,rear-end
videos/zBa7uxOYBd0_00.mp4,7.7,0.68,0.32,single
videos/zCJ_1fc2nwk_00.mp4,2.2,0.58,0.45,rear-end
videos/zDgcljcRR8A_00.mp4,4.3,0.35,0.52,single
videos/zISHd2Jt7Qs_00.mp4,15.2,0.04,0.68,single
videos/zKzNUiaoHZI_00.mp4,5,0.88,0.65,single
videos/zMya6lxe5s8_00.mp4,3,0.31,0.82,single
videos/zOgTWOFJpKg_00.mp4,9.2,0.32,0.58,single
videos/zOgTWOFJpKg_01.mp4,10.6,0.32,0.68,rear-end
videos/zSujHC7MOcU_00.mp4,1,0.68,0.55,t-bone
videos/zVoe5ZUg3kE_00.mp4,15.1,0.38,0.42,single
videos/zWKHAyNKlF4_00.mp4,14,0.65,0.55,single
videos/zXKdiWjxhd8_00.mp4,7,0.34,0.58,t-bone
videos/zYgBOSbkY3A_00.mp4,0.9,0.33,0.25,head-on
videos/zYgBOSbkY3A_01.mp4,3.8,0.73,0.48,single
videos/zYp-honyJC0_00.mp4,2.1,0.28,0.52,single
videos/zaafsIEj5DI_00.mp4,1,0.35,0.55,sideswipe
videos/zaafsIEj5DI_01.mp4,13.2,0.58,0.58,single
videos/zefBTt5RXko_00.mp4,6.2,0.43,0.35,single
videos/zjHAkzyXOCg_00.mp4,7.2,0.52,0.48,single
videos/zl0-TZHfZg0_00.mp4,1.5,0.4,0.5,rear-end
videos/zqhQY3WbRjY_00.mp4,11,0.48,0.65,sideswipe
videos/zs895pofwv4_00.mp4,6.8,0.21,0.65,rear-end
videos/zxu3S-7VZUA_00.mp4,2.8,0.38,0.62,sideswipe
videos/zz0qZ-sSCbY_00.mp4,4,0.58,0.52,single